Hertz,volumen,Imagenes,Random,Correcto,trials.thisRepN,trials.thisTrialN,trials.thisN,trials.thisIndex,trials_2.thisRepN,trials_2.thisTrialN,trials_2.thisN,trials_2.thisIndex,mensaje_intro.started,mensaje_intro.stopped,boton_intro.started,boton_intro.stopped,mouse_intro.x,mouse_intro.y,mouse_intro.leftButton,mouse_intro.midButton,mouse_intro.rightButton,mouse_intro.clicked_name,mouse_intro.started,mouse_intro.stopped,mensaje_intro_2.started,mensaje_intro_2.stopped,boton_intro_2.started,boton_intro_2.stopped,mouse_intro_2.x,mouse_intro_2.y,mouse_intro_2.leftButton,mouse_intro_2.midButton,mouse_intro_2.rightButton,mouse_intro_2.clicked_name,mouse_intro_2.started,mouse_intro_2.stopped,text_prueba.started,text_prueba.stopped,boton_intro_prueba.started,boton_intro_prueba.stopped,mouse_intro_prueba.x,mouse_intro_prueba.y,mouse_intro_prueba.leftButton,mouse_intro_prueba.midButton,mouse_intro_prueba.rightButton,mouse_intro_prueba.clicked_name,mouse_intro_prueba.started,mouse_intro_prueba.stopped,sonido_prueba.started,sonido_prueba.stopped,image_prueba.started,image_prueba.stopped,slider_prueba.response,slider_prueba.rt,slider_prueba.started,slider_prueba.stopped,sonido_prueba_2.started,sonido_prueba_2.stopped,image_prueba_2.started,image_prueba_2.stopped,slider_prueba_2.response,slider_prueba_2.rt,slider_prueba_2.started,slider_prueba_2.stopped,text_prueba_2.started,text_prueba_2.stopped,boton_intro_exp.started,boton_intro_exp.stopped,mouse_intro_exp.x,mouse_intro_exp.y,mouse_intro_exp.leftButton,mouse_intro_exp.midButton,mouse_intro_exp.rightButton,mouse_intro_exp.clicked_name,mouse_intro_exp.started,mouse_intro_exp.stopped,sonido_exp.started,sonido_exp.stopped,image_exp.started,image_exp.stopped,slider_exp.response,slider_exp.rt,slider_exp.started,slider_exp.stopped,text_subasta1.started,text_subasta1.stopped,boton_subasta1.started,boton_subasta1.stopped,mouse_subasta1.x,mouse_subasta1.y,mouse_subasta1.leftButton,mouse_subasta1.midButton,mouse_subasta1.rightButton,mouse_subasta1.clicked_name,mouse_subasta1.started,mouse_subasta1.stopped,text_subasta2.started,text_subasta2.stopped,boton_subasta2.started,boton_subasta2.stopped,mouse_subasta2.x,mouse_subasta2.y,mouse_subasta2.leftButton,mouse_subasta2.midButton,mouse_subasta2.rightButton,mouse_subasta2.clicked_name,mouse_subasta2.started,mouse_subasta2.stopped,text.started,text.stopped,boton_pago1.started,boton_pago1.stopped,mouse_pago1.x,mouse_pago1.y,mouse_pago1.leftButton,mouse_pago1.midButton,mouse_pago1.rightButton,mouse_pago1.clicked_name,mouse_pago1.started,mouse_pago1.stopped,text_4.started,text_4.stopped,boton_pago2.started,boton_pago2.stopped,mouse_pago2.x,mouse_pago2.y,mouse_pago2.leftButton,mouse_pago2.midButton,mouse_pago2.rightButton,mouse_pago2.clicked_name,mouse_pago2.started,mouse_pago2.stopped,text_producto.started,text_producto.stopped,image.started,image.stopped,boton_producto.started,boton_producto.stopped,mouse_producto.x,mouse_producto.y,mouse_producto.leftButton,mouse_producto.midButton,mouse_producto.rightButton,mouse_producto.clicked_name,mouse_producto.started,mouse_producto.stopped,texto_final.started,texto_final.stopped,boton_pago3.started,boton_pago3.stopped,mouse_pago3.x,mouse_pago3.y,mouse_pago3.leftButton,mouse_pago3.midButton,mouse_pago3.rightButton,mouse_pago3.clicked_name,mouse_pago3.started,mouse_pago3.stopped,text_2.started,text_2.stopped,boton_intro_encuesta.started,boton_intro_encuesta.stopped,mouse_intro_encuesta.x,mouse_intro_encuesta.y,mouse_intro_encuesta.leftButton,mouse_intro_encuesta.midButton,mouse_intro_encuesta.rightButton,mouse_intro_encuesta.clicked_name,mouse_intro_encuesta.started,mouse_intro_encuesta.stopped,nombre,date,expName,psychopyVersion,frameRate,
,,,,,,,,,,,,,14.15633979998529,None,14.15633979998529,None,0.6575520833333334,-0.375,1,0,0,boton_intro,0.006894399935845286,None,,,,,,,,,,,,,,,,,,,,,,,,,,,,,,,,,,,,,,,,,,,,,,,,,,,,,,,,,,,,,,,,,,,,,,,,,,,,,,,,,,,,,,,,,,,,,,,,,,,,,,,,,,,,,,,,,,,,,,,,,,,,,,,,,,,,,,,,,,,,,,,,,,,Sebastian,2021_Jan_09_1053,piloto,2020.2.5,60.28207185699857,
,,,,,,,,,,,,,,,,,,,,,,,,,15.230620599992108,None,15.230620599992108,None,0.6575520833333334,-0.375,1,0,0,boton_intro_2,0.011593360046390444,None,,,,,,,,,,,,,,,,,,,,,,,,,,,,,,,,,,,,,,,,,,,,,,,,,,,,,,,,,,,,,,,,,,,,,,,,,,,,,,,,,,,,,,,,,,,,,,,,,,,,,,,,,,,,,,,,,,,,,,,,,,,,,,,,,,,,,,,Sebastian,2021_Jan_09_1053,piloto,2020.2.5,60.28207185699857,
,,,,,,,,,,,,,,,,,,,,,,,,,,,,,,,,,,,,,15.880618099996354,None,15.880618099996354,None,0.6575520833333334,-0.375,1,0,0,boton_intro_prueba,0.011484060029033571,None,,,,,,,,,,,,,,,,,,,,,,,,,,,,,,,,,,,,,,,,,,,,,,,,,,,,,,,,,,,,,,,,,,,,,,,,,,,,,,,,,,,,,,,,,,,,,,,,,,,,,,,,,,,,,,,,,,,,,,,,,,,Sebastian,2021_Jan_09_1053,piloto,2020.2.5,60.28207185699857,
,,,,,,,,,,,,,,,,,,,,,,,,,,,,,,,,,,,,,,,,,,,,,,,,,16.397377560008316,None,17.458254500001203,None,3.4674479166666665,1.5968291999888606,17.458254500001203,None,18.013183860026764,None,19.063254399981815,None,4.6328125,1.483603399945423,19.063254399981815,None,19.51390010002069,None,19.51390010002069,None,0.63671875,-0.3645833333333333,1,0,0,boton_intro_exp,0.014251560030970722,None,,,,,,,,,,,,,,,,,,,,,,,,,,,,,,,,,,,,,,,,,,,,,,,,,,,,,,,,,,,,,,,,,,,,,,,,,,,,,,,,,,,,,,,,,,,,,,,Sebastian,2021_Jan_09_1053,piloto,2020.2.5,60.28207185699857,
400,0.02,imagenes/Alpinito.jpg,0.7416150880621702,None,0,0,0,0,0,0,0,0,,,,,,,,,,,,,,,,,,,,,,,,,,,,,,,,,,,,,,,,,,,,,,,,,,,,,,,,,,,,,,,,,20.413739999989048,None,21.40478969999822,None,4.502604166666667,1.6330452999682166,21.40478969999822,None,,,,,,,,,,,,,,,,,,,,,,,,,,,,,,,,,,,,,,,,,,,,,,,,,,,,,,,,,,,,,,,,,,,,,,,,,,,,,,,,,,,,,,,Sebastian,2021_Jan_09_1053,piloto,2020.2.5,60.28207185699857,
400,0.02,imagenes/Chocoramo.jfif.jpg,0.7425528559884101,None,0,0,0,0,0,1,1,4,,,,,,,,,,,,,,,,,,,,,,,,,,,,,,,,,,,,,,,,,,,,,,,,,,,,,,,,,,,,,,,,,22.16329171998659,23.16363160003675,23.146504800010007,None,5.537760416666666,1.360859000007622,23.146504800010007,None,,,,,,,,,,,,,,,,,,,,,,,,,,,,,,,,,,,,,,,,,,,,,,,,,,,,,,,,,,,,,,,,,,,,,,,,,,,,,,,,,,,,,,,Sebastian,2021_Jan_09_1053,piloto,2020.2.5,60.28207185699857,
400,0.02,imagenes/Brocoli.jpg,0.24293074945529525,None,0,0,0,0,0,2,2,21,,,,,,,,,,,,,,,,,,,,,,,,,,,,,,,,,,,,,,,,,,,,,,,,,,,,,,,,,,,,,,,,,23.546393859991802,None,24.54650280001806,None,3.4153645833333335,1.3573315999819897,24.54650280001806,None,,,,,,,,,,,,,,,,,,,,,,,,,,,,,,,,,,,,,,,,,,,,,,,,,,,,,,,,,,,,,,,,,,,,,,,,,,,,,,,,,,,,,,,Sebastian,2021_Jan_09_1053,piloto,2020.2.5,60.28207185699857,
400,0.02,imagenes/Papas-naturales.jpg,0.37590629905521566,None,0,0,0,0,0,3,3,13,,,,,,,,,,,,,,,,,,,,,,,,,,,,,,,,,,,,,,,,,,,,,,,,,,,,,,,,,,,,,,,,,24.92942996000638,25.929997300030664,25.929997300030664,None,4.411458333333333,1.2243188999709673,25.929997300030664,None,,,,,,,,,,,,,,,,,,,,,,,,,,,,,,,,,,,,,,,,,,,,,,,,,,,,,,,,,,,,,,,,,,,,,,,,,,,,,,,,,,,,,,,Sebastian,2021_Jan_09_1053,piloto,2020.2.5,60.28207185699857,
400,0.02,imagenes/Pescadito.png,0.7172825011486081,None,0,0,0,0,0,4,4,29,,,,,,,,,,,,,,,,,,,,,,,,,,,,,,,,,,,,,,,,,,,,,,,,,,,,,,,,,,,,,,,,,26.19664471999276,27.196399500011466,27.179630500031635,None,2.71875,1.281370299984701,27.179630500031635,None,,,,,,,,,,,,,,,,,,,,,,,,,,,,,,,,,,,,,,,,,,,,,,,,,,,,,,,,,,,,,,,,,,,,,,,,,,,,,,,,,,,,,,,Sebastian,2021_Jan_09_1053,piloto,2020.2.5,60.28207185699857,
400,0.02,imagenes/Pizza.png,0.21192443516553439,None,0,0,0,0,0,5,5,31,,,,,,,,,,,,,,,,,,,,,,,,,,,,,,,,,,,,,,,,,,,,,,,,,,,,,,,,,,,,,,,,,27.529838179983198,28.52976810000837,28.51299369998742,None,4.001302083333333,1.1831480999826454,28.51299369998742,None,,,,,,,,,,,,,,,,,,,,,,,,,,,,,,,,,,,,,,,,,,,,,,,,,,,,,,,,,,,,,,,,,,,,,,,,,,,,,,,,,,,,,,,Sebastian,2021_Jan_09_1053,piloto,2020.2.5,60.28207185699857,
400,0.02,imagenes/Pizzetas.png,0.3295951589873042,None,0,0,0,0,0,6,6,32,,,,,,,,,,,,,,,,,,,,,,,,,,,,,,,,,,,,,,,,,,,,,,,,,,,,,,,,,,,,,,,,,28.74674212002428,29.746109700005036,29.746109700005036,None,4.971354166666666,1.244040799967479,29.746109700005036,None,,,,,,,,,,,,,,,,,,,,,,,,,,,,,,,,,,,,,,,,,,,,,,,,,,,,,,,,,,,,,,,,,,,,,,,,,,,,,,,,,,,,,,,Sebastian,2021_Jan_09_1053,piloto,2020.2.5,60.28207185699857,
400,0.02,imagenes/Papas-pollo.jpg,0.08373485417902837,None,0,0,0,0,0,7,7,15,,,,,,,,,,,,,,,,,,,,,,,,,,,,,,,,,,,,,,,,,,,,,,,,,,,,,,,,,,,,,,,,,30.012771360029,31.013236200029496,31.013236200029496,None,3.48046875,1.1728622000082396,31.013236200029496,None,,,,,,,,,,,,,,,,,,,,,,,,,,,,,,,,,,,,,,,,,,,,,,,,,,,,,,,,,,,,,,,,,,,,,,,,,,,,,,,,,,,,,,,Sebastian,2021_Jan_09_1053,piloto,2020.2.5,60.28207185699857,
400,0.02,imagenes/Papas-limon.jpg,0.5280798509093595,None,0,0,0,0,0,8,8,14,,,,,,,,,,,,,,,,,,,,,,,,,,,,,,,,,,,,,,,,,,,,,,,,,,,,,,,,,,,,,,,,,31.212688659993,32.21275579999201,32.21275579999201,None,2.412760416666667,1.154993599979207,32.21275579999201,None,,,,,,,,,,,,,,,,,,,,,,,,,,,,,,,,,,,,,,,,,,,,,,,,,,,,,,,,,,,,,,,,,,,,,,,,,,,,,,,,,,,,,,,Sebastian,2021_Jan_09_1053,piloto,2020.2.5,60.28207185699857,
400,0.02,imagenes/Pepinillos.png,0.0038966441241518046,None,0,0,0,0,0,9,9,28,,,,,,,,,,,,,,,,,,,,,,,,,,,,,,,,,,,,,,,,,,,,,,,,,,,,,,,,,,,,,,,,,32.41303841997869,None,33.41309829999227,None,5.869791666666666,1.1373758999980055,33.41309829999227,None,,,,,,,,,,,,,,,,,,,,,,,,,,,,,,,,,,,,,,,,,,,,,,,,,,,,,,,,,,,,,,,,,,,,,,,,,,,,,,,,,,,,,,,Sebastian,2021_Jan_09_1053,piloto,2020.2.5,60.28207185699857,
400,0.02,imagenes/Manzana.jpg,0.4048420327008191,None,0,0,0,0,0,10,10,11,,,,,,,,,,,,,,,,,,,,,,,,,,,,,,,,,,,,,,,,,,,,,,,,,,,,,,,,,,,,,,,,,33.61298008000012,None,34.59690220002085,None,5.19921875,1.2646578999701887,34.59690220002085,None,,,,,,,,,,,,,,,,,,,,,,,,,,,,,,,,,,,,,,,,,,,,,,,,,,,,,,,,,,,,,,,,,,,,,,,,,,,,,,,,,,,,,,,Sebastian,2021_Jan_09_1053,piloto,2020.2.5,60.28207185699857,
400,0.02,imagenes/Rollos de canela.png,0.2610974409574519,None,0,0,0,0,0,11,11,34,,,,,,,,,,,,,,,,,,,,,,,,,,,,,,,,,,,,,,,,,,,,,,,,,,,,,,,,,,,,,,,,,34.91265922000166,None,35.89801000000443,None,5.342447916666666,1.150261499977205,35.89801000000443,None,,,,,,,,,,,,,,,,,,,,,,,,,,,,,,,,,,,,,,,,,,,,,,,,,,,,,,,,,,,,,,,,,,,,,,,,,,,,,,,,,,,,,,,Sebastian,2021_Jan_09_1053,piloto,2020.2.5,60.28207185699857,
400,0.02,imagenes/Croissant.jpg,0.5824748589948932,None,0,0,0,0,0,12,12,5,,,,,,,,,,,,,,,,,,,,,,,,,,,,,,,,,,,,,,,,,,,,,,,,,,,,,,,,,,,,,,,,,36.09563002003124,None,37.07938380003907,None,5.342447916666666,1.1643786000204273,37.07938380003907,None,,,,,,,,,,,,,,,,,,,,,,,,,,,,,,,,,,,,,,,,,,,,,,,,,,,,,,,,,,,,,,,,,,,,,,,,,,,,,,,,,,,,,,,Sebastian,2021_Jan_09_1053,piloto,2020.2.5,60.28207185699857,
400,0.02,imagenes/bon-bon-bun.jpg,0.7417452724056987,None,0,0,0,0,0,13,13,2,,,,,,,,,,,,,,,,,,,,,,,,,,,,,,,,,,,,,,,,,,,,,,,,,,,,,,,,,,,,,,,,,37.312910580006424,38.312557100027334,38.312557100027334,None,5.342447916666666,1.2943292999989353,38.312557100027334,None,,,,,,,,,,,,,,,,,,,,,,,,,,,,,,,,,,,,,,,,,,,,,,,,,,,,,,,,,,,,,,,,,,,,,,,,,,,,,,,,,,,,,,,Sebastian,2021_Jan_09_1053,piloto,2020.2.5,60.28207185699857,
400,0.02,imagenes/Coliflor.jpg,0.3640740491088985,None,0,0,0,0,0,14,14,24,,,,,,,,,,,,,,,,,,,,,,,,,,,,,,,,,,,,,,,,,,,,,,,,,,,,,,,,,,,,,,,,,38.64614052000688,None,39.62895829998888,None,4.834635416666666,1.4839675999828614,39.62895829998888,None,,,,,,,,,,,,,,,,,,,,,,,,,,,,,,,,,,,,,,,,,,,,,,,,,,,,,,,,,,,,,,,,,,,,,,,,,,,,,,,,,,,,,,,Sebastian,2021_Jan_09_1053,piloto,2020.2.5,60.28207185699857,
400,0.02,imagenes/salchicha hojaldrada.jpg,0.7119773165481526,None,0,0,0,0,0,15,15,35,,,,,,,,,,,,,,,,,,,,,,,,,,,,,,,,,,,,,,,,,,,,,,,,,,,,,,,,,,,,,,,,,40.14602416000562,41.14572390000103,41.14572390000103,None,5.00390625,1.1071955000516027,41.14572390000103,None,,,,,,,,,,,,,,,,,,,,,,,,,,,,,,,,,,,,,,,,,,,,,,,,,,,,,,,,,,,,,,,,,,,,,,,,,,,,,,,,,,,,,,,Sebastian,2021_Jan_09_1053,piloto,2020.2.5,60.28207185699857,
400,0.02,imagenes/Canelazo.png,0.6730479360767814,None,0,0,0,0,0,16,16,22,,,,,,,,,,,,,,,,,,,,,,,,,,,,,,,,,,,,,,,,,,,,,,,,,,,,,,,,,,,,,,,,,41.32944014001405,42.32894410000881,42.32894410000881,None,5.16015625,1.286599799990654,42.32894410000881,None,,,,,,,,,,,,,,,,,,,,,,,,,,,,,,,,,,,,,,,,,,,,,,,,,,,,,,,,,,,,,,,,,,,,,,,,,,,,,,,,,,,,,,,Sebastian,2021_Jan_09_1053,piloto,2020.2.5,60.28207185699857,
400,0.02,imagenes/Galletas-festival.jpg,0.11306074364032936,None,0,0,0,0,0,17,17,7,,,,,,,,,,,,,,,,,,,,,,,,,,,,,,,,,,,,,,,,,,,,,,,,,,,,,,,,,,,,,,,,,42.662446920014915,43.662144500005525,43.662144500005525,None,5.485677083333334,1.5107259999495,43.662144500005525,None,,,,,,,,,,,,,,,,,,,,,,,,,,,,,,,,,,,,,,,,,,,,,,,,,,,,,,,,,,,,,,,,,,,,,,,,,,,,,,,,,,,,,,,Sebastian,2021_Jan_09_1053,piloto,2020.2.5,60.28207185699857,
400,0.02,imagenes/Chontaduro.png,0.8693553300418813,None,0,0,0,0,0,18,18,23,,,,,,,,,,,,,,,,,,,,,,,,,,,,,,,,,,,,,,,,,,,,,,,,,,,,,,,,,,,,,,,,,44.19559076001169,45.19556229998125,45.19556229998125,None,5.6875,1.1709463000297546,45.19556229998125,None,,,,,,,,,,,,,,,,,,,,,,,,,,,,,,,,,,,,,,,,,,,,,,,,,,,,,,,,,,,,,,,,,,,,,,,,,,,,,,,,,,,,,,,Sebastian,2021_Jan_09_1053,piloto,2020.2.5,60.28207185699857,
400,0.02,imagenes/Almojabanas.png,0.6725051200713246,None,0,0,0,0,0,19,19,20,,,,,,,,,,,,,,,,,,,,,,,,,,,,,,,,,,,,,,,,,,,,,,,,,,,,,,,,,,,,,,,,,45.42884658002294,None,46.41242380003678,None,5.713541666666666,1.2019365000305697,46.41242380003678,None,,,,,,,,,,,,,,,,,,,,,,,,,,,,,,,,,,,,,,,,,,,,,,,,,,,,,,,,,,,,,,,,,,,,,,,,,,,,,,,,,,,,,,,Sebastian,2021_Jan_09_1053,piloto,2020.2.5,60.28207185699857,
400,0.02,imagenes/Leche-de-almendras.jpg,0.3886559457994673,None,0,0,0,0,0,20,20,9,,,,,,,,,,,,,,,,,,,,,,,,,,,,,,,,,,,,,,,,,,,,,,,,,,,,,,,,,,,,,,,,,46.74591412000591,47.7453996000113,47.7453996000113,None,5.90234375,1.2192590999766253,47.7453996000113,None,,,,,,,,,,,,,,,,,,,,,,,,,,,,,,,,,,,,,,,,,,,,,,,,,,,,,,,,,,,,,,,,,,,,,,,,,,,,,,,,,,,,,,,Sebastian,2021_Jan_09_1053,piloto,2020.2.5,60.28207185699857,
400,0.02,imagenes/Galletas Tosh.jpg,0.9129693753280027,None,0,0,0,0,0,21,21,6,,,,,,,,,,,,,,,,,,,,,,,,,,,,,,,,,,,,,,,,,,,,,,,,,,,,,,,,,,,,,,,,,48.012337020027914,49.01241900003515,49.01241900003515,None,5.967447916666666,1.355776100012008,49.01241900003515,None,,,,,,,,,,,,,,,,,,,,,,,,,,,,,,,,,,,,,,,,,,,,,,,,,,,,,,,,,,,,,,,,,,,,,,,,,,,,,,,,,,,,,,,Sebastian,2021_Jan_09_1053,piloto,2020.2.5,60.28207185699857,
400,0.02,imagenes/Popetas.jpg,0.9621625733302204,None,0,0,0,0,0,22,22,16,,,,,,,,,,,,,,,,,,,,,,,,,,,,,,,,,,,,,,,,,,,,,,,,,,,,,,,,,,,,,,,,,49.428697479993566,50.4289429000346,50.412053300009575,None,5.954427083333334,1.4618369999807328,50.412053300009575,None,,,,,,,,,,,,,,,,,,,,,,,,,,,,,,,,,,,,,,,,,,,,,,,,,,,,,,,,,,,,,,,,,,,,,,,,,,,,,,,,,,,,,,,Sebastian,2021_Jan_09_1053,piloto,2020.2.5,60.28207185699857,
400,0.02,imagenes/Brownie.jpg,0.2838924074864093,None,0,0,0,0,0,23,23,3,,,,,,,,,,,,,,,,,,,,,,,,,,,,,,,,,,,,,,,,,,,,,,,,,,,,,,,,,,,,,,,,,50.94521278002066,None,51.94546030001948,None,5.94140625,1.6432643000152893,51.94546030001948,None,,,,,,,,,,,,,,,,,,,,,,,,,,,,,,,,,,,,,,,,,,,,,,,,,,,,,,,,,,,,,,,,,,,,,,,,,,,,,,,,,,,,,,,Sebastian,2021_Jan_09_1053,piloto,2020.2.5,60.28207185699857,
400,0.02,imagenes/pistachos.jpg,0.7450869742741464,None,0,0,0,0,0,24,24,30,,,,,,,,,,,,,,,,,,,,,,,,,,,,,,,,,,,,,,,,,,,,,,,,,,,,,,,,,,,,,,,,,52.611736059980466,None,53.59751839999808,None,5.876302083333334,1.2804660000256263,53.59751839999808,None,,,,,,,,,,,,,,,,,,,,,,,,,,,,,,,,,,,,,,,,,,,,,,,,,,,,,,,,,,,,,,,,,,,,,,,,,,,,,,,,,,,,,,,Sebastian,2021_Jan_09_1053,piloto,2020.2.5,60.28207185699857,
400,0.02,imagenes/Papas picantes.jpg,0.524978898672612,None,0,0,0,0,0,25,25,27,,,,,,,,,,,,,,,,,,,,,,,,,,,,,,,,,,,,,,,,,,,,,,,,,,,,,,,,,,,,,,,,,53.9115873600007,None,54.89521089999471,None,5.869791666666666,1.2808297000010498,54.89521089999471,None,,,,,,,,,,,,,,,,,,,,,,,,,,,,,,,,,,,,,,,,,,,,,,,,,,,,,,,,,,,,,,,,,,,,,,,,,,,,,,,,,,,,,,,Sebastian,2021_Jan_09_1053,piloto,2020.2.5,60.28207185699857,
400,0.02,imagenes/Mango.jpeg,0.4341155418941499,None,0,0,0,0,0,26,26,10,,,,,,,,,,,,,,,,,,,,,,,,,,,,,,,,,,,,,,,,,,,,,,,,,,,,,,,,,,,,,,,,,55.2449905800051,None,56.22826649999479,None,5.895833333333334,1.2487985999905504,56.22826649999479,None,,,,,,,,,,,,,,,,,,,,,,,,,,,,,,,,,,,,,,,,,,,,,,,,,,,,,,,,,,,,,,,,,,,,,,,,,,,,,,,,,,,,,,,Sebastian,2021_Jan_09_1053,piloto,2020.2.5,60.28207185699857,
400,0.02,imagenes/Uvas.jpg,0.4959291644143431,None,0,0,0,0,0,27,27,19,,,,,,,,,,,,,,,,,,,,,,,,,,,,,,,,,,,,,,,,,,,,,,,,,,,,,,,,,,,,,,,,,56.51144856002647,57.51199060003273,57.51199060003273,None,5.934895833333334,1.7402731000329368,57.51199060003273,None,,,,,,,,,,,,,,,,,,,,,,,,,,,,,,,,,,,,,,,,,,,,,,,,,,,,,,,,,,,,,,,,,,,,,,,,,,,,,,,,,,,,,,,Sebastian,2021_Jan_09_1053,piloto,2020.2.5,60.28207185699857,
400,0.02,imagenes/Rosquitas (1).jpg,0.024090340010977873,None,0,0,0,0,0,28,28,17,,,,,,,,,,,,,,,,,,,,,,,,,,,,,,,,,,,,,,,,,,,,,,,,,,,,,,,,,,,,,,,,,58.295268220023715,59.294995500007644,59.294995500007644,None,5.94140625,1.409603199979756,59.294995500007644,None,,,,,,,,,,,,,,,,,,,,,,,,,,,,,,,,,,,,,,,,,,,,,,,,,,,,,,,,,,,,,,,,,,,,,,,,,,,,,,,,,,,,,,,Sebastian,2021_Jan_09_1053,piloto,2020.2.5,60.28207185699857,
400,0.02,imagenes/Muffin de banano.png,0.9610615059009696,None,0,0,0,0,0,29,29,25,,,,,,,,,,,,,,,,,,,,,,,,,,,,,,,,,,,,,,,,,,,,,,,,,,,,,,,,,,,,,,,,,59.76165377999423,None,60.744807599985506,None,5.94140625,1.5645006999839097,60.744807599985506,None,,,,,,,,,,,,,,,,,,,,,,,,,,,,,,,,,,,,,,,,,,,,,,,,,,,,,,,,,,,,,,,,,,,,,,,,,,,,,,,,,,,,,,,Sebastian,2021_Jan_09_1053,piloto,2020.2.5,60.28207185699857,
400,0.02,imagenes/Nutella (1).jpg,0.8826531883338111,None,0,0,0,0,0,30,30,12,,,,,,,,,,,,,,,,,,,,,,,,,,,,,,,,,,,,,,,,,,,,,,,,,,,,,,,,,,,,,,,,,61.34467906001955,62.34485490003135,62.34485490003135,None,5.954427083333334,1.3385275999899022,62.34485490003135,None,,,,,,,,,,,,,,,,,,,,,,,,,,,,,,,,,,,,,,,,,,,,,,,,,,,,,,,,,,,,,,,,,,,,,,,,,,,,,,,,,,,,,,,Sebastian,2021_Jan_09_1053,piloto,2020.2.5,60.28207185699857,
400,0.02,imagenes/Kiwi.jpg,0.3929145850942286,None,0,0,0,0,0,31,31,8,,,,,,,,,,,,,,,,,,,,,,,,,,,,,,,,,,,,,,,,,,,,,,,,,,,,,,,,,,,,,,,,,62.711316060018724,63.71148669999093,63.71148669999093,None,5.954427083333334,1.3756377000245266,63.71148669999093,None,,,,,,,,,,,,,,,,,,,,,,,,,,,,,,,,,,,,,,,,,,,,,,,,,,,,,,,,,,,,,,,,,,,,,,,,,,,,,,,,,,,,,,,Sebastian,2021_Jan_09_1053,piloto,2020.2.5,60.28207185699857,
400,0.02,imagenes/Banano.jpeg,0.2267656716538785,None,0,0,0,0,0,32,32,1,,,,,,,,,,,,,,,,,,,,,,,,,,,,,,,,,,,,,,,,,,,,,,,,,,,,,,,,,,,,,,,,,64.12789061998484,None,65.11143320001429,None,5.954427083333334,1.4179697000072338,65.11143320001429,None,,,,,,,,,,,,,,,,,,,,,,,,,,,,,,,,,,,,,,,,,,,,,,,,,,,,,,,,,,,,,,,,,,,,,,,,,,,,,,,,,,,,,,,Sebastian,2021_Jan_09_1053,piloto,2020.2.5,60.28207185699857,
400,0.02,imagenes/Rollo de queso.png,0.9201641182756888,None,0,0,0,0,0,33,33,33,,,,,,,,,,,,,,,,,,,,,,,,,,,,,,,,,,,,,,,,,,,,,,,,,,,,,,,,,,,,,,,,,65.57770142001101,None,66.57781769998837,None,5.954427083333334,1.4905497999861836,66.57781769998837,None,,,,,,,,,,,,,,,,,,,,,,,,,,,,,,,,,,,,,,,,,,,,,,,,,,,,,,,,,,,,,,,,,,,,,,,,,,,,,,,,,,,,,,,Sebastian,2021_Jan_09_1053,piloto,2020.2.5,60.28207185699857,
400,0.02,imagenes/Yogurt-alpina.jpg,0.5445152936222175,None,0,0,0,0,0,34,34,18,,,,,,,,,,,,,,,,,,,,,,,,,,,,,,,,,,,,,,,,,,,,,,,,,,,,,,,,,,,,,,,,,67.11139942002484,68.11144230002537,68.11144230002537,None,5.954427083333334,1.2884721000446007,68.11144230002537,None,,,,,,,,,,,,,,,,,,,,,,,,,,,,,,,,,,,,,,,,,,,,,,,,,,,,,,,,,,,,,,,,,,,,,,,,,,,,,,,,,,,,,,,Sebastian,2021_Jan_09_1053,piloto,2020.2.5,60.28207185699857,
400,0.02,imagenes/Pandebono.png,0.8988574378129985,None,0,0,0,0,0,35,35,26,,,,,,,,,,,,,,,,,,,,,,,,,,,,,,,,,,,,,,,,,,,,,,,,,,,,,,,,,,,,,,,,,68.44477712003282,None,69.42796080000699,None,5.954427083333334,1.2455781999742612,69.42796080000699,None,,,,,,,,,,,,,,,,,,,,,,,,,,,,,,,,,,,,,,,,,,,,,,,,,,,,,,,,,,,,,,,,,,,,,,,,,,,,,,,,,,,,,,,Sebastian,2021_Jan_09_1053,piloto,2020.2.5,60.28207185699857,
400,0.02,,,,0,0,0,0,,,,,,,,,,,,,,,,,,,,,,,,,,,,,,,,,,,,,,,,,,,,,,,,,,,,,,,,,,,,,,,,,,,,,,,,,,,,,,,,,,,,,,,,,,,,,,,,,,,,,,,,,,,,,,,,,,,,,,,,,,,,,,,,,,,,,,,,,,,,,,,,,,,,,,,,,,,,,,,,,,,Sebastian,2021_Jan_09_1053,piloto,2020.2.5,60.28207185699857,
1500,0.02,imagenes/bon-bon-bun.jpg,0.7417452724056987,None,0,1,1,1,0,0,0,2,,,,,,,,,,,,,,,,,,,,,,,,,,,,,,,,,,,,,,,,,,,,,,,,,,,,,,,,,,,,,,,,,69.7442824800266,70.74436419998528,70.74436419998528,None,5.954427083333334,1.4718365999870002,70.74436419998528,None,,,,,,,,,,,,,,,,,,,,,,,,,,,,,,,,,,,,,,,,,,,,,,,,,,,,,,,,,,,,,,,,,,,,,,,,,,,,,,,,,,,,,,,Sebastian,2021_Jan_09_1053,piloto,2020.2.5,60.28207185699857,
1500,0.02,imagenes/Leche-de-almendras.jpg,0.3886559457994673,None,0,1,1,1,0,1,1,9,,,,,,,,,,,,,,,,,,,,,,,,,,,,,,,,,,,,,,,,,,,,,,,,,,,,,,,,,,,,,,,,,71.328099760029,72.32777710002847,72.32777710002847,None,5.954427083333334,1.4253979999921285,72.32777710002847,None,,,,,,,,,,,,,,,,,,,,,,,,,,,,,,,,,,,,,,,,,,,,,,,,,,,,,,,,,,,,,,,,,,,,,,,,,,,,,,,,,,,,,,,Sebastian,2021_Jan_09_1053,piloto,2020.2.5,60.28207185699857,
1500,0.02,imagenes/salchicha hojaldrada.jpg,0.7119773165481526,None,0,1,1,1,0,2,2,35,,,,,,,,,,,,,,,,,,,,,,,,,,,,,,,,,,,,,,,,,,,,,,,,,,,,,,,,,,,,,,,,,72.7777663600049,73.77735600003507,73.76068040000973,None,5.954427083333334,1.728703599947039,73.76068040000973,None,,,,,,,,,,,,,,,,,,,,,,,,,,,,,,,,,,,,,,,,,,,,,,,,,,,,,,,,,,,,,,,,,,,,,,,,,,,,,,,,,,,,,,,Sebastian,2021_Jan_09_1053,piloto,2020.2.5,60.28207185699857,
1500,0.02,imagenes/Pepinillos.png,0.0038966441241518046,None,0,1,1,1,0,3,3,28,,,,,,,,,,,,,,,,,,,,,,,,,,,,,,,,,,,,,,,,,,,,,,,,,,,,,,,,,,,,,,,,,74.54438122002176,None,75.54435310000554,None,5.954427083333334,1.6070402000332251,75.54435310000554,None,,,,,,,,,,,,,,,,,,,,,,,,,,,,,,,,,,,,,,,,,,,,,,,,,,,,,,,,,,,,,,,,,,,,,,,,,,,,,,,,,,,,,,,Sebastian,2021_Jan_09_1053,piloto,2020.2.5,60.28207185699857,
1500,0.02,imagenes/Rollo de queso.png,0.9201641182756888,None,0,1,1,1,0,4,4,33,,,,,,,,,,,,,,,,,,,,,,,,,,,,,,,,,,,,,,,,,,,,,,,,,,,,,,,,,,,,,,,,,76.21113077998162,77.21100170002319,77.21100170002319,None,5.954427083333334,1.4065840999828652,77.21100170002319,None,,,,,,,,,,,,,,,,,,,,,,,,,,,,,,,,,,,,,,,,,,,,,,,,,,,,,,,,,,,,,,,,,,,,,,,,,,,,,,,,,,,,,,,Sebastian,2021_Jan_09_1053,piloto,2020.2.5,60.28207185699857,
1500,0.02,imagenes/Chontaduro.png,0.8693553300418813,None,0,1,1,1,0,5,5,23,,,,,,,,,,,,,,,,,,,,,,,,,,,,,,,,,,,,,,,,,,,,,,,,,,,,,,,,,,,,,,,,,77.64403646000429,78.64442170003895,78.64442170003895,None,5.895833333333334,1.5544144999585114,78.64442170003895,None,,,,,,,,,,,,,,,,,,,,,,,,,,,,,,,,,,,,,,,,,,,,,,,,,,,,,,,,,,,,,,,,,,,,,,,,,,,,,,,,,,,,,,,Sebastian,2021_Jan_09_1053,piloto,2020.2.5,60.28207185699857,
1500,0.02,imagenes/Papas-naturales.jpg,0.37590629905521566,None,0,1,1,1,0,6,6,13,,,,,,,,,,,,,,,,,,,,,,,,,,,,,,,,,,,,,,,,,,,,,,,,,,,,,,,,,,,,,,,,,79.22762525998988,80.2272175999824,80.2272175999824,None,5.928385416666666,1.2546696999925189,80.2272175999824,None,,,,,,,,,,,,,,,,,,,,,,,,,,,,,,,,,,,,,,,,,,,,,,,,,,,,,,,,,,,,,,,,,,,,,,,,,,,,,,,,,,,,,,,Sebastian,2021_Jan_09_1053,piloto,2020.2.5,60.28207185699857,
1500,0.02,imagenes/Brocoli.jpg,0.24293074945529525,None,0,1,1,1,0,7,7,21,,,,,,,,,,,,,,,,,,,,,,,,,,,,,,,,,,,,,,,,,,,,,,,,,,,,,,,,,,,,,,,,,80.5107724600006,81.51054950000253,81.51054950000253,None,5.928385416666666,1.9265980999916792,81.51054950000253,None,,,,,,,,,,,,,,,,,,,,,,,,,,,,,,,,,,,,,,,,,,,,,,,,,,,,,,,,,,,,,,,,,,,,,,,,,,,,,,,,,,,,,,,Sebastian,2021_Jan_09_1053,piloto,2020.2.5,60.28207185699857,
1500,0.02,imagenes/Mango.jpeg,0.4341155418941499,None,0,1,1,1,0,8,8,10,,,,,,,,,,,,,,,,,,,,,,,,,,,,,,,,,,,,,,,,,,,,,,,,,,,,,,,,,,,,,,,,,82.47716681997991,None,83.46076430001995,None,5.928385416666666,1.415933899988886,83.46076430001995,None,,,,,,,,,,,,,,,,,,,,,,,,,,,,,,,,,,,,,,,,,,,,,,,,,,,,,,,,,,,,,,,,,,,,,,,,,,,,,,,,,,,,,,,Sebastian,2021_Jan_09_1053,piloto,2020.2.5,60.28207185699857,
1500,0.02,imagenes/Canelazo.png,0.6730479360767814,None,0,1,1,1,0,9,9,22,,,,,,,,,,,,,,,,,,,,,,,,,,,,,,,,,,,,,,,,,,,,,,,,,,,,,,,,,,,,,,,,,83.94382098001661,None,84.944129600015,None,5.928385416666666,1.5932930000126362,84.944129600015,None,,,,,,,,,,,,,,,,,,,,,,,,,,,,,,,,,,,,,,,,,,,,,,,,,,,,,,,,,,,,,,,,,,,,,,,,,,,,,,,,,,,,,,,Sebastian,2021_Jan_09_1053,piloto,2020.2.5,60.28207185699857,
1500,0.02,imagenes/Papas-pollo.jpg,0.08373485417902837,None,0,1,1,1,0,10,10,15,,,,,,,,,,,,,,,,,,,,,,,,,,,,,,,,,,,,,,,,,,,,,,,,,,,,,,,,,,,,,,,,,85.56057716001524,86.56053280003835,86.56053280003835,None,5.928385416666666,1.4059392999624833,86.56053280003835,None,,,,,,,,,,,,,,,,,,,,,,,,,,,,,,,,,,,,,,,,,,,,,,,,,,,,,,,,,,,,,,,,,,,,,,,,,,,,,,,,,,,,,,,Sebastian,2021_Jan_09_1053,piloto,2020.2.5,60.28207185699857,
1500,0.02,imagenes/Pescadito.png,0.7172825011486081,None,0,1,1,1,0,11,11,29,,,,,,,,,,,,,,,,,,,,,,,,,,,,,,,,,,,,,,,,,,,,,,,,,,,,,,,,,,,,,,,,,87.01018802002073,88.01056930003688,87.99382790003438,None,5.928385416666666,1.2976854000007734,87.99382790003438,None,,,,,,,,,,,,,,,,,,,,,,,,,,,,,,,,,,,,,,,,,,,,,,,,,,,,,,,,,,,,,,,,,,,,,,,,,,,,,,,,,,,,,,,Sebastian,2021_Jan_09_1053,piloto,2020.2.5,60.28207185699857,
1500,0.02,imagenes/Papas picantes.jpg,0.524978898672612,None,0,1,1,1,0,12,12,27,,,,,,,,,,,,,,,,,,,,,,,,,,,,,,,,,,,,,,,,,,,,,,,,,,,,,,,,,,,,,,,,,88.32709315998946,89.32682980003301,89.31064769998193,None,5.928385416666666,1.645550999965053,89.31064769998193,None,,,,,,,,,,,,,,,,,,,,,,,,,,,,,,,,,,,,,,,,,,,,,,,,,,,,,,,,,,,,,,,,,,,,,,,,,,,,,,,,,,,,,,,Sebastian,2021_Jan_09_1053,piloto,2020.2.5,60.28207185699857,
1500,0.02,imagenes/Galletas-festival.jpg,0.11306074364032936,None,0,1,1,1,0,13,13,7,,,,,,,,,,,,,,,,,,,,,,,,,,,,,,,,,,,,,,,,,,,,,,,,,,,,,,,,,,,,,,,,,90.01032292000019,91.0102779000299,90.9938981999876,None,5.928385416666666,1.56359330000123,90.9938981999876,None,,,,,,,,,,,,,,,,,,,,,,,,,,,,,,,,,,,,,,,,,,,,,,,,,,,,,,,,,,,,,,,,,,,,,,,,,,,,,,,,,,,,,,,Sebastian,2021_Jan_09_1053,piloto,2020.2.5,60.28207185699857,
1500,0.02,imagenes/Uvas.jpg,0.4959291644143431,None,0,1,1,1,0,14,14,19,,,,,,,,,,,,,,,,,,,,,,,,,,,,,,,,,,,,,,,,,,,,,,,,,,,,,,,,,,,,,,,,,91.59326356000966,None,92.59382180002285,None,5.928385416666666,1.6208513000165112,92.59382180002285,None,,,,,,,,,,,,,,,,,,,,,,,,,,,,,,,,,,,,,,,,,,,,,,,,,,,,,,,,,,,,,,,,,,,,,,,,,,,,,,,,,,,,,,,Sebastian,2021_Jan_09_1053,piloto,2020.2.5,60.28207185699857,
1500,0.02,imagenes/Nutella (1).jpg,0.8826531883338111,None,0,1,1,1,0,15,15,12,,,,,,,,,,,,,,,,,,,,,,,,,,,,,,,,,,,,,,,,,,,,,,,,,,,,,,,,,,,,,,,,,93.24347285999684,94.24320440000156,94.24320440000156,None,5.928385416666666,1.2213660999550484,94.24320440000156,None,,,,,,,,,,,,,,,,,,,,,,,,,,,,,,,,,,,,,,,,,,,,,,,,,,,,,,,,,,,,,,,,,,,,,,,,,,,,,,,,,,,,,,,Sebastian,2021_Jan_09_1053,piloto,2020.2.5,60.28207185699857,
1500,0.02,imagenes/Pizzetas.png,0.3295951589873042,None,0,1,1,1,0,16,16,32,,,,,,,,,,,,,,,,,,,,,,,,,,,,,,,,,,,,,,,,,,,,,,,,,,,,,,,,,,,,,,,,,94.50982471999015,95.50991220003925,95.4936493000132,None,5.928385416666666,1.9476373000070453,95.4936493000132,None,,,,,,,,,,,,,,,,,,,,,,,,,,,,,,,,,,,,,,,,,,,,,,,,,,,,,,,,,,,,,,,,,,,,,,,,,,,,,,,,,,,,,,,Sebastian,2021_Jan_09_1053,piloto,2020.2.5,60.28207185699857,
1500,0.02,imagenes/Brownie.jpg,0.2838924074864093,None,0,1,1,1,0,17,17,3,,,,,,,,,,,,,,,,,,,,,,,,,,,,,,,,,,,,,,,,,,,,,,,,,,,,,,,,,,,,,,,,,96.50995838000672,97.50993350002682,97.49301800003741,None,5.928385416666666,1.7621174000087194,97.49301800003741,None,,,,,,,,,,,,,,,,,,,,,,,,,,,,,,,,,,,,,,,,,,,,,,,,,,,,,,,,,,,,,,,,,,,,,,,,,,,,,,,,,,,,,,,Sebastian,2021_Jan_09_1053,piloto,2020.2.5,60.28207185699857,
1500,0.02,imagenes/Kiwi.jpg,0.3929145850942286,None,0,1,1,1,0,18,18,8,,,,,,,,,,,,,,,,,,,,,,,,,,,,,,,,,,,,,,,,,,,,,,,,,,,,,,,,,,,,,,,,,98.29318415999879,99.29327140003443,99.29327140003443,None,5.928385416666666,1.0270866000209935,99.29327140003443,None,,,,,,,,,,,,,,,,,,,,,,,,,,,,,,,,,,,,,,,,,,,,,,,,,,,,,,,,,,,,,,,,,,,,,,,,,,,,,,,,,,,,,,,Sebastian,2021_Jan_09_1053,piloto,2020.2.5,60.28207185699857,
1500,0.02,imagenes/Papas-limon.jpg,0.5280798509093595,None,0,1,1,1,0,19,19,14,,,,,,,,,,,,,,,,,,,,,,,,,,,,,,,,,,,,,,,,,,,,,,,,,,,,,,,,,,,,,,,,,99.34293386000209,None,100.34342170000309,None,5.928385416666666,1.622525000013411,100.34342170000309,None,,,,,,,,,,,,,,,,,,,,,,,,,,,,,,,,,,,,,,,,,,,,,,,,,,,,,,,,,,,,,,,,,,,,,,,,,,,,,,,,,,,,,,,Sebastian,2021_Jan_09_1053,piloto,2020.2.5,60.28207185699857,
1500,0.02,imagenes/Banano.jpeg,0.2267656716538785,None,0,1,1,1,0,20,20,1,,,,,,,,,,,,,,,,,,,,,,,,,,,,,,,,,,,,,,,,,,,,,,,,,,,,,,,,,,,,,,,,,101.00956962002675,None,101.97628950001672,None,None,None,101.97628950001672,None,,,,,,,,,,,,,,,,,,,,,,,,,,,,,,,,,,,,,,,,,,,,,,,,,,,,,,,,,,,,,,,,,,,,,,,,,,,,,,,,,,,,,,,Sebastian,2021_Jan_09_1053,piloto,2020.2.5,60.28207185699857,
1500,0.02,imagenes/Muffin de banano.png,0.9610615059009696,None,0,1,1,1,0,21,21,25,,,,,,,,,,,,,,,,,,,,,,,,,,,,,,,,,,,,,,,,,,,,,,,,,,,,,,,,,,,,,,,,,103.0432311000186,None,104.02814940002281,103.03777769999579,5.889322916666666,1.1790492999716662,104.02814940002281,103.03777769999579,,,,,,,,,,,,,,,,,,,,,,,,,,,,,,,,,,,,,,,,,,,,,,,,,,,,,,,,,,,,,,,,,,,,,,,,,,,,,,,,,,,,,,,Sebastian,2021_Jan_09_1053,piloto,2020.2.5,60.28207185699857,
1500,0.02,imagenes/Pandebono.png,0.8988574378129985,None,0,1,1,1,0,22,22,26,,,,,,,,,,,,,,,,,,,,,,,,,,,,,,,,,,,,,,,,,,,,,,,,,,,,,,,,,,,,,,,,,104.2599467199878,105.2594328999985,105.24322340002982,None,5.889322916666666,1.7944513999973424,105.24322340002982,None,,,,,,,,,,,,,,,,,,,,,,,,,,,,,,,,,,,,,,,,,,,,,,,,,,,,,,,,,,,,,,,,,,,,,,,,,,,,,,,,,,,,,,,Sebastian,2021_Jan_09_1053,piloto,2020.2.5,60.28207185699857,
1500,0.02,imagenes/Galletas Tosh.jpg,0.9129693753280027,None,0,1,1,1,0,23,23,6,,,,,,,,,,,,,,,,,,,,,,,,,,,,,,,,,,,,,,,,,,,,,,,,,,,,,,,,,,,,,,,,,106.10951728000073,None,107.09274580003694,None,None,None,107.09274580003694,None,,,,,,,,,,,,,,,,,,,,,,,,,,,,,,,,,,,,,,,,,,,,,,,,,,,,,,,,,,,,,,,,,,,,,,,,,,,,,,,,,,,,,,,Sebastian,2021_Jan_09_1053,piloto,2020.2.5,60.28207185699857,
1500,0.02,imagenes/Pizza.png,0.21192443516553439,None,0,1,1,1,0,24,24,31,,,,,,,,,,,,,,,,,,,,,,,,,,,,,,,,,,,,,,,,,,,,,,,,,,,,,,,,,,,,,,,,,108.12610387998866,None,109.10920700000133,108.116339900007,None,None,109.10920700000133,108.116339900007,,,,,,,,,,,,,,,,,,,,,,,,,,,,,,,,,,,,,,,,,,,,,,,,,,,,,,,,,,,,,,,,,,,,,,,,,,,,,,,,,,,,,,,Sebastian,2021_Jan_09_1053,piloto,2020.2.5,60.28207185699857,
1500,0.02,imagenes/Almojabanas.png,0.6725051200713246,None,0,1,1,1,0,25,25,20,,,,,,,,,,,,,,,,,,,,,,,,,,,,,,,,,,,,,,,,,,,,,,,,,,,,,,,,,,,,,,,,,110.14311438000296,111.1427044000011,111.1258882000111,110.13228050002363,5.889322916666666,1.2842037999653257,111.1258882000111,110.13228050002363,,,,,,,,,,,,,,,,,,,,,,,,,,,,,,,,,,,,,,,,,,,,,,,,,,,,,,,,,,,,,,,,,,,,,,,,,,,,,,,,,,,,,,,Sebastian,2021_Jan_09_1053,piloto,2020.2.5,60.28207185699857,
1500,0.02,imagenes/pistachos.jpg,0.7450869742741464,None,0,1,1,1,0,26,26,30,,,,,,,,,,,,,,,,,,,,,,,,,,,,,,,,,,,,,,,,,,,,,,,,,,,,,,,,,,,,,,,,,111.44255456000101,None,112.4258404999855,None,None,None,112.4258404999855,None,,,,,,,,,,,,,,,,,,,,,,,,,,,,,,,,,,,,,,,,,,,,,,,,,,,,,,,,,,,,,,,,,,,,,,,,,,,,,,,,,,,,,,,Sebastian,2021_Jan_09_1053,piloto,2020.2.5,60.28207185699857,
1500,0.02,imagenes/Manzana.jpg,0.4048420327008191,None,0,1,1,1,0,27,27,11,,,,,,,,,,,,,,,,,,,,,,,,,,,,,,,,,,,,,,,,,,,,,,,,,,,,,,,,,,,,,,,,,113.49258910003118,114.49255100003211,114.475717000023,113.48829100001603,None,None,114.475717000023,113.48829100001603,,,,,,,,,,,,,,,,,,,,,,,,,,,,,,,,,,,,,,,,,,,,,,,,,,,,,,,,,,,,,,,,,,,,,,,,,,,,,,,,,,,,,,,Sebastian,2021_Jan_09_1053,piloto,2020.2.5,60.28207185699857,
1500,0.02,imagenes/Chocoramo.jfif.jpg,0.7425528559884101,None,0,1,1,1,0,28,28,4,,,,,,,,,,,,,,,,,,,,,,,,,,,,,,,,,,,,,,,,,,,,,,,,,,,,,,,,,,,,,,,,,115.50878188001225,None,116.49250380002195,115.4976003000047,None,None,116.49250380002195,115.4976003000047,,,,,,,,,,,,,,,,,,,,,,,,,,,,,,,,,,,,,,,,,,,,,,,,,,,,,,,,,,,,,,,,,,,,,,,,,,,,,,,,,,,,,,,Sebastian,2021_Jan_09_1053,piloto,2020.2.5,60.28207185699857,
1500,0.02,imagenes/Croissant.jpg,0.5824748589948932,None,0,1,1,1,0,29,29,5,,,,,,,,,,,,,,,,,,,,,,,,,,,,,,,,,,,,,,,,,,,,,,,,,,,,,,,,,,,,,,,,,117.54238944002428,None,118.5277611000347,117.53811730002053,None,None,118.5277611000347,117.53811730002053,,,,,,,,,,,,,,,,,,,,,,,,,,,,,,,,,,,,,,,,,,,,,,,,,,,,,,,,,,,,,,,,,,,,,,,,,,,,,,,,,,,,,,,Sebastian,2021_Jan_09_1053,piloto,2020.2.5,60.28207185699857,
1500,0.02,imagenes/Rollos de canela.png,0.2610974409574519,None,0,1,1,1,0,30,30,34,,,,,,,,,,,,,,,,,,,,,,,,,,,,,,,,,,,,,,,,,,,,,,,,,,,,,,,,,,,,,,,,,119.5756148800021,None,120.57553149998421,119.57257130002836,None,None,120.57553149998421,119.57257130002836,,,,,,,,,,,,,,,,,,,,,,,,,,,,,,,,,,,,,,,,,,,,,,,,,,,,,,,,,,,,,,,,,,,,,,,,,,,,,,,,,,,,,,,Sebastian,2021_Jan_09_1053,piloto,2020.2.5,60.28207185699857,
1500,0.02,imagenes/Rosquitas (1).jpg,0.024090340010977873,None,0,1,1,1,0,31,31,17,,,,,,,,,,,,,,,,,,,,,,,,,,,,,,,,,,,,,,,,,,,,,,,,,,,,,,,,,,,,,,,,,121.67580862001051,122.6751709000091,122.6751709000091,121.6774503000197,None,None,122.6751709000091,121.6774503000197,,,,,,,,,,,,,,,,,,,,,,,,,,,,,,,,,,,,,,,,,,,,,,,,,,,,,,,,,,,,,,,,,,,,,,,,,,,,,,,,,,,,,,,Sebastian,2021_Jan_09_1053,piloto,2020.2.5,60.28207185699857,
1500,0.02,imagenes/Alpinito.jpg,0.7416150880621702,None,0,1,1,1,0,32,32,0,,,,,,,,,,,,,,,,,,,,,,,,,,,,,,,,,,,,,,,,,,,,,,,,,,,,,,,,,,,,,,,,,123.74252810003236,124.74224049999611,124.74224049999611,123.74184620002052,None,None,124.74224049999611,123.74184620002052,,,,,,,,,,,,,,,,,,,,,,,,,,,,,,,,,,,,,,,,,,,,,,,,,,,,,,,,,,,,,,,,,,,,,,,,,,,,,,,,,,,,,,,Sebastian,2021_Jan_09_1053,piloto,2020.2.5,60.28207185699857,
1500,0.02,imagenes/Popetas.jpg,0.9621625733302204,None,0,1,1,1,0,33,33,16,,,,,,,,,,,,,,,,,,,,,,,,,,,,,,,,,,,,,,,,,,,,,,,,,,,,,,,,,,,,,,,,,125.80890960001852,126.80876390001504,126.79205039999215,125.80381680000573,5.889322916666666,1.5287859999807552,126.79205039999215,125.80381680000573,,,,,,,,,,,,,,,,,,,,,,,,,,,,,,,,,,,,,,,,,,,,,,,,,,,,,,,,,,,,,,,,,,,,,,,,,,,,,,,,,,,,,,,Sebastian,2021_Jan_09_1053,piloto,2020.2.5,60.28207185699857,
1500,0.02,imagenes/Yogurt-alpina.jpg,0.5445152936222175,None,0,1,1,1,0,34,34,18,,,,,,,,,,,,,,,,,,,,,,,,,,,,,,,,,,,,,,,,,,,,,,,,,,,,,,,,,,,,,,,,,127.35806386001641,None,128.35846900002798,None,5.889322916666666,1.043427900003735,128.35846900002798,None,,,,,,,,,,,,,,,,,,,,,,,,,,,,,,,,,,,,,,,,,,,,,,,,,,,,,,,,,,,,,,,,,,,,,,,,,,,,,,,,,,,,,,,Sebastian,2021_Jan_09_1053,piloto,2020.2.5,60.28207185699857,
1500,0.02,imagenes/Coliflor.jpg,0.3640740491088985,None,0,1,1,1,0,35,35,24,,,,,,,,,,,,,,,,,,,,,,,,,,,,,,,,,,,,,,,,,,,,,,,,,,,,,,,,,,,,,,,,,128.42537755999948,129.4253281999845,129.4253281999845,None,5.889322916666666,1.0709506999701262,129.4253281999845,None,,,,,,,,,,,,,,,,,,,,,,,,,,,,,,,,,,,,,,,,,,,,,,,,,,,,,,,,,,,,,,,,,,,,,,,,,,,,,,,,,,,,,,,Sebastian,2021_Jan_09_1053,piloto,2020.2.5,60.28207185699857,
1500,0.02,,,,0,1,1,1,,,,,,,,,,,,,,,,,,,,,,,,,,,,,,,,,,,,,,,,,,,,,,,,,,,,,,,,,,,,,,,,,,,,,,,,,,,,,,,,,,,,,,,,,,,,,,,,,,,,,,,,,,,,,,,,,,,,,,,,,,,,,,,,,,,,,,,,,,,,,,,,,,,,,,,,,,,,,,,,,,,Sebastian,2021_Jan_09_1053,piloto,2020.2.5,60.28207185699857,
1000,0.0,imagenes/Yogurt-alpina.jpg,0.5445152936222175,None,0,2,2,3,0,0,0,18,,,,,,,,,,,,,,,,,,,,,,,,,,,,,,,,,,,,,,,,,,,,,,,,,,,,,,,,,,,,,,,,,129.54176941998304,130.54170030000387,130.54170030000387,None,5.889322916666666,1.4569731000228785,130.54170030000387,None,,,,,,,,,,,,,,,,,,,,,,,,,,,,,,,,,,,,,,,,,,,,,,,,,,,,,,,,,,,,,,,,,,,,,,,,,,,,,,,,,,,,,,,Sebastian,2021_Jan_09_1053,piloto,2020.2.5,60.28207185699857,
1000,0.0,imagenes/Pizzetas.png,0.3295951589873042,None,0,2,2,3,0,1,1,32,,,,,,,,,,,,,,,,,,,,,,,,,,,,,,,,,,,,,,,,,,,,,,,,,,,,,,,,,,,,,,,,,131.0416060200194,132.04162219999125,132.04162219999125,None,5.889322916666666,1.2728163999854587,132.04162219999125,None,,,,,,,,,,,,,,,,,,,,,,,,,,,,,,,,,,,,,,,,,,,,,,,,,,,,,,,,,,,,,,,,,,,,,,,,,,,,,,,,,,,,,,,Sebastian,2021_Jan_09_1053,piloto,2020.2.5,60.28207185699857,
1000,0.0,imagenes/Papas-pollo.jpg,0.08373485417902837,None,0,2,2,3,0,2,2,15,,,,,,,,,,,,,,,,,,,,,,,,,,,,,,,,,,,,,,,,,,,,,,,,,,,,,,,,,,,,,,,,,132.35813392001438,None,133.3418895000359,None,5.889322916666666,1.3520543000195175,133.3418895000359,None,,,,,,,,,,,,,,,,,,,,,,,,,,,,,,,,,,,,,,,,,,,,,,,,,,,,,,,,,,,,,,,,,,,,,,,,,,,,,,,,,,,,,,,Sebastian,2021_Jan_09_1053,piloto,2020.2.5,60.28207185699857,
1000,0.0,imagenes/Galletas-festival.jpg,0.11306074364032936,None,0,2,2,3,0,3,3,7,,,,,,,,,,,,,,,,,,,,,,,,,,,,,,,,,,,,,,,,,,,,,,,,,,,,,,,,,,,,,,,,,133.75812207999408,None,134.75810810003895,None,5.889322916666666,1.7411247999989428,134.75810810003895,None,,,,,,,,,,,,,,,,,,,,,,,,,,,,,,,,,,,,,,,,,,,,,,,,,,,,,,,,,,,,,,,,,,,,,,,,,,,,,,,,,,,,,,,Sebastian,2021_Jan_09_1053,piloto,2020.2.5,60.28207185699857,
1000,0.0,imagenes/Chocoramo.jfif.jpg,0.7425528559884101,None,0,2,2,3,0,4,4,4,,,,,,,,,,,,,,,,,,,,,,,,,,,,,,,,,,,,,,,,,,,,,,,,,,,,,,,,,,,,,,,,,135.5747270399821,136.5747199000325,136.5747199000325,None,5.889322916666666,1.4273041000124067,136.5747199000325,None,,,,,,,,,,,,,,,,,,,,,,,,,,,,,,,,,,,,,,,,,,,,,,,,,,,,,,,,,,,,,,,,,,,,,,,,,,,,,,,,,,,,,,,Sebastian,2021_Jan_09_1053,piloto,2020.2.5,60.28207185699857,
1000,0.0,imagenes/Almojabanas.png,0.6725051200713246,None,0,2,2,3,0,5,5,20,,,,,,,,,,,,,,,,,,,,,,,,,,,,,,,,,,,,,,,,,,,,,,,,,,,,,,,,,,,,,,,,,137.05812058002923,None,138.04145040002186,None,5.889322916666666,1.2509202999644913,138.04145040002186,None,,,,,,,,,,,,,,,,,,,,,,,,,,,,,,,,,,,,,,,,,,,,,,,,,,,,,,,,,,,,,,,,,,,,,,,,,,,,,,,,,,,,,,,Sebastian,2021_Jan_09_1053,piloto,2020.2.5,60.28207185699857,
1000,0.0,imagenes/bon-bon-bun.jpg,0.7417452724056987,None,0,2,2,3,0,6,6,2,,,,,,,,,,,,,,,,,,,,,,,,,,,,,,,,,,,,,,,,,,,,,,,,,,,,,,,,,,,,,,,,,138.3410465199966,139.341390400019,139.32455240003765,None,5.889322916666666,1.0156517999712378,139.32455240003765,None,,,,,,,,,,,,,,,,,,,,,,,,,,,,,,,,,,,,,,,,,,,,,,,,,,,,,,,,,,,,,,,,,,,,,,,,,,,,,,,,,,,,,,,Sebastian,2021_Jan_09_1053,piloto,2020.2.5,60.28207185699857,
1000,0.0,imagenes/Rollos de canela.png,0.2610974409574519,None,0,2,2,3,0,7,7,34,,,,,,,,,,,,,,,,,,,,,,,,,,,,,,,,,,,,,,,,,,,,,,,,,,,,,,,,,,,,,,,,,139.39134571999313,None,140.37462660000892,None,5.889322916666666,1.3484522000071593,140.37462660000892,None,,,,,,,,,,,,,,,,,,,,,,,,,,,,,,,,,,,,,,,,,,,,,,,,,,,,,,,,,,,,,,,,,,,,,,,,,,,,,,,,,,,,,,,Sebastian,2021_Jan_09_1053,piloto,2020.2.5,60.28207185699857,
1000,0.0,imagenes/Leche-de-almendras.jpg,0.3886559457994673,None,0,2,2,3,0,8,8,9,,,,,,,,,,,,,,,,,,,,,,,,,,,,,,,,,,,,,,,,,,,,,,,,,,,,,,,,,,,,,,,,,140.85801002000227,141.85794700001134,141.85794700001134,None,5.889322916666666,1.1593981999903917,141.85794700001134,None,,,,,,,,,,,,,,,,,,,,,,,,,,,,,,,,,,,,,,,,,,,,,,,,,,,,,,,,,,,,,,,,,,,,,,,,,,,,,,,,,,,,,,,Sebastian,2021_Jan_09_1053,piloto,2020.2.5,60.28207185699857,
1000,0.0,imagenes/Alpinito.jpg,0.7416150880621702,None,0,2,2,3,0,9,9,0,,,,,,,,,,,,,,,,,,,,,,,,,,,,,,,,,,,,,,,,,,,,,,,,,,,,,,,,,,,,,,,,,142.0743926800089,143.0744851999916,143.0744851999916,None,5.889322916666666,1.802821799996309,143.0744851999916,None,,,,,,,,,,,,,,,,,,,,,,,,,,,,,,,,,,,,,,,,,,,,,,,,,,,,,,,,,,,,,,,,,,,,,,,,,,,,,,,,,,,,,,,Sebastian,2021_Jan_09_1053,piloto,2020.2.5,60.28207185699857,
1000,0.0,imagenes/Pandebono.png,0.8988574378129985,None,0,2,2,3,0,10,10,26,,,,,,,,,,,,,,,,,,,,,,,,,,,,,,,,,,,,,,,,,,,,,,,,,,,,,,,,,,,,,,,,,143.92461351999083,None,144.90778469998622,None,None,None,144.90778469998622,None,,,,,,,,,,,,,,,,,,,,,,,,,,,,,,,,,,,,,,,,,,,,,,,,,,,,,,,,,,,,,,,,,,,,,,,,,,,,,,,,,,,,,,,Sebastian,2021_Jan_09_1053,piloto,2020.2.5,60.28207185699857,
1000,0.0,imagenes/Papas picantes.jpg,0.524978898672612,None,0,2,2,3,0,11,11,27,,,,,,,,,,,,,,,,,,,,,,,,,,,,,,,,,,,,,,,,,,,,,,,,,,,,,,,,,,,,,,,,,145.9080019599991,146.90770670003258,146.90770670003258,145.91110979998484,5.889322916666666,1.2532425000099465,146.90770670003258,145.91110979998484,,,,,,,,,,,,,,,,,,,,,,,,,,,,,,,,,,,,,,,,,,,,,,,,,,,,,,,,,,,,,,,,,,,,,,,,,,,,,,,,,,,,,,,Sebastian,2021_Jan_09_1053,piloto,2020.2.5,60.28207185699857,
1000,0.0,imagenes/Pizza.png,0.21192443516553439,None,0,2,2,3,0,12,12,31,,,,,,,,,,,,,,,,,,,,,,,,,,,,,,,,,,,,,,,,,,,,,,,,,,,,,,,,,,,,,,,,,147.1909031599993,148.19102999998722,148.19102999998722,None,5.889322916666666,1.2532955999486148,148.19102999998722,None,,,,,,,,,,,,,,,,,,,,,,,,,,,,,,,,,,,,,,,,,,,,,,,,,,,,,,,,,,,,,,,,,,,,,,,,,,,,,,,,,,,,,,,Sebastian,2021_Jan_09_1053,piloto,2020.2.5,60.28207185699857,
1000,0.0,imagenes/Papas-limon.jpg,0.5280798509093595,None,0,2,2,3,0,13,13,14,,,,,,,,,,,,,,,,,,,,,,,,,,,,,,,,,,,,,,,,,,,,,,,,,,,,,,,,,,,,,,,,,148.4741034600069,149.4744477000204,149.4744477000204,None,5.889322916666666,1.339109099993948,149.4744477000204,None,,,,,,,,,,,,,,,,,,,,,,,,,,,,,,,,,,,,,,,,,,,,,,,,,,,,,,,,,,,,,,,,,,,,,,,,,,,,,,,,,,,,,,,Sebastian,2021_Jan_09_1053,piloto,2020.2.5,60.28207185699857,
1000,0.0,imagenes/Pepinillos.png,0.0038966441241518046,None,0,2,2,3,0,14,14,28,,,,,,,,,,,,,,,,,,,,,,,,,,,,,,,,,,,,,,,,,,,,,,,,,,,,,,,,,,,,,,,,,149.87438698001208,150.87386260001222,150.8573403999908,None,5.889322916666666,1.2787937999819405,150.8573403999908,None,,,,,,,,,,,,,,,,,,,,,,,,,,,,,,,,,,,,,,,,,,,,,,,,,,,,,,,,,,,,,,,,,,,,,,,,,,,,,,,,,,,,,,,Sebastian,2021_Jan_09_1053,piloto,2020.2.5,60.28207185699857,
1000,0.0,imagenes/Popetas.jpg,0.9621625733302204,None,0,2,2,3,0,15,15,16,,,,,,,,,,,,,,,,,,,,,,,,,,,,,,,,,,,,,,,,,,,,,,,,,,,,,,,,,,,,,,,,,151.20738507998178,152.2074708000291,152.2074708000291,None,5.889322916666666,1.5271796999732032,152.2074708000291,None,,,,,,,,,,,,,,,,,,,,,,,,,,,,,,,,,,,,,,,,,,,,,,,,,,,,,,,,,,,,,,,,,,,,,,,,,,,,,,,,,,,,,,,Sebastian,2021_Jan_09_1053,piloto,2020.2.5,60.28207185699857,
1000,0.0,imagenes/Croissant.jpg,0.5824748589948932,None,0,2,2,3,0,16,16,5,,,,,,,,,,,,,,,,,,,,,,,,,,,,,,,,,,,,,,,,,,,,,,,,,,,,,,,,,,,,,,,,,152.79086157998537,None,153.77426560001913,None,5.889322916666666,1.4189731000224128,153.77426560001913,None,,,,,,,,,,,,,,,,,,,,,,,,,,,,,,,,,,,,,,,,,,,,,,,,,,,,,,,,,,,,,,,,,,,,,,,,,,,,,,,,,,,,,,,Sebastian,2021_Jan_09_1053,piloto,2020.2.5,60.28207185699857,
1000,0.0,imagenes/Brownie.jpg,0.2838924074864093,None,0,2,2,3,0,17,17,3,,,,,,,,,,,,,,,,,,,,,,,,,,,,,,,,,,,,,,,,,,,,,,,,,,,,,,,,,,,,,,,,,154.25737038003282,None,155.24065639998298,None,5.889322916666666,1.0312632000423037,155.24065639998298,None,,,,,,,,,,,,,,,,,,,,,,,,,,,,,,,,,,,,,,,,,,,,,,,,,,,,,,,,,,,,,,,,,,,,,,,,,,,,,,,,,,,,,,,Sebastian,2021_Jan_09_1053,piloto,2020.2.5,60.28207185699857,
1000,0.0,imagenes/Manzana.jpg,0.4048420327008191,None,0,2,2,3,0,18,18,11,,,,,,,,,,,,,,,,,,,,,,,,,,,,,,,,,,,,,,,,,,,,,,,,,,,,,,,,,,,,,,,,,155.32412722003647,156.3243542999844,156.3243542999844,None,None,None,156.3243542999844,None,,,,,,,,,,,,,,,,,,,,,,,,,,,,,,,,,,,,,,,,,,,,,,,,,,,,,,,,,,,,,,,,,,,,,,,,,,,,,,,,,,,,,,,Sebastian,2021_Jan_09_1053,piloto,2020.2.5,60.28207185699857,
1000,0.0,imagenes/Chontaduro.png,0.8693553300418813,None,0,2,2,3,0,19,19,23,,,,,,,,,,,,,,,,,,,,,,,,,,,,,,,,,,,,,,,,,,,,,,,,,,,,,,,,,,,,,,,,,157.3572276800289,None,158.32386619999306,157.34720800002106,None,None,158.32386619999306,157.34720800002106,,,,,,,,,,,,,,,,,,,,,,,,,,,,,,,,,,,,,,,,,,,,,,,,,,,,,,,,,,,,,,,,,,,,,,,,,,,,,,,,,,,,,,,Sebastian,2021_Jan_09_1053,piloto,2020.2.5,60.28207185699857,
1000,0.0,imagenes/Rosquitas (1).jpg,0.024090340010977873,None,0,2,2,3,0,20,20,17,,,,,,,,,,,,,,,,,,,,,,,,,,,,,,,,,,,,,,,,,,,,,,,,,,,,,,,,,,,,,,,,,159.37391484001418,None,160.356788300036,159.36989710002672,5.889322916666666,1.1947402000078,160.356788300036,159.36989710002672,,,,,,,,,,,,,,,,,,,,,,,,,,,,,,,,,,,,,,,,,,,,,,,,,,,,,,,,,,,,,,,,,,,,,,,,,,,,,,,,,,,,,,,Sebastian,2021_Jan_09_1053,piloto,2020.2.5,60.28207185699857,
1000,0.0,imagenes/salchicha hojaldrada.jpg,0.7119773165481526,None,0,2,2,3,0,21,21,35,,,,,,,,,,,,,,,,,,,,,,,,,,,,,,,,,,,,,,,,,,,,,,,,,,,,,,,,,,,,,,,,,160.59049006002024,161.59051559999352,161.57371979998425,None,5.889322916666666,1.0802511000074446,161.57371979998425,None,,,,,,,,,,,,,,,,,,,,,,,,,,,,,,,,,,,,,,,,,,,,,,,,,,,,,,,,,,,,,,,,,,,,,,,,,,,,,,,,,,,,,,,Sebastian,2021_Jan_09_1053,piloto,2020.2.5,60.28207185699857,
1000,0.0,imagenes/Banano.jpeg,0.2267656716538785,None,0,2,2,3,0,22,22,1,,,,,,,,,,,,,,,,,,,,,,,,,,,,,,,,,,,,,,,,,,,,,,,,,,,,,,,,,,,,,,,,,161.70726042003372,None,162.69008899998153,None,5.889322916666666,1.3016205999883823,162.69008899998153,None,,,,,,,,,,,,,,,,,,,,,,,,,,,,,,,,,,,,,,,,,,,,,,,,,,,,,,,,,,,,,,,,,,,,,,,,,,,,,,,,,,,,,,,Sebastian,2021_Jan_09_1053,piloto,2020.2.5,60.28207185699857,
1000,0.0,imagenes/Papas-naturales.jpg,0.37590629905521566,None,0,2,2,3,0,23,23,13,,,,,,,,,,,,,,,,,,,,,,,,,,,,,,,,,,,,,,,,,,,,,,,,,,,,,,,,,,,,,,,,,163.023447460006,None,164.02390000002924,None,5.889322916666666,1.43849189998582,164.02390000002924,None,,,,,,,,,,,,,,,,,,,,,,,,,,,,,,,,,,,,,,,,,,,,,,,,,,,,,,,,,,,,,,,,,,,,,,,,,,,,,,,,,,,,,,,Sebastian,2021_Jan_09_1053,piloto,2020.2.5,60.28207185699857,
1000,0.0,imagenes/Nutella (1).jpg,0.8826531883338111,None,0,2,2,3,0,24,24,12,,,,,,,,,,,,,,,,,,,,,,,,,,,,,,,,,,,,,,,,,,,,,,,,,,,,,,,,,,,,,,,,,164.49041786001763,165.4901645000209,165.4901645000209,None,5.889322916666666,1.655451200029347,165.4901645000209,None,,,,,,,,,,,,,,,,,,,,,,,,,,,,,,,,,,,,,,,,,,,,,,,,,,,,,,,,,,,,,,,,,,,,,,,,,,,,,,,,,,,,,,,Sebastian,2021_Jan_09_1053,piloto,2020.2.5,60.28207185699857,
1000,0.0,imagenes/Coliflor.jpg,0.3640740491088985,None,0,2,2,3,0,25,25,24,,,,,,,,,,,,,,,,,,,,,,,,,,,,,,,,,,,,,,,,,,,,,,,,,,,,,,,,,,,,,,,,,166.1732305600075,None,167.17341300001135,None,5.889322916666666,1.1371529000462033,167.17341300001135,None,,,,,,,,,,,,,,,,,,,,,,,,,,,,,,,,,,,,,,,,,,,,,,,,,,,,,,,,,,,,,,,,,,,,,,,,,,,,,,,,,,,,,,,Sebastian,2021_Jan_09_1053,piloto,2020.2.5,60.28207185699857,
1000,0.0,imagenes/Mango.jpeg,0.4341155418941499,None,0,2,2,3,0,26,26,10,,,,,,,,,,,,,,,,,,,,,,,,,,,,,,,,,,,,,,,,,,,,,,,,,,,,,,,,,,,,,,,,,167.35696841998725,None,168.3398934000288,None,5.889322916666666,1.0649179000174627,168.3398934000288,None,,,,,,,,,,,,,,,,,,,,,,,,,,,,,,,,,,,,,,,,,,,,,,,,,,,,,,,,,,,,,,,,,,,,,,,,,,,,,,,,,,,,,,,Sebastian,2021_Jan_09_1053,piloto,2020.2.5,60.28207185699857,
1000,0.0,imagenes/Canelazo.png,0.6730479360767814,None,0,2,2,3,0,27,27,22,,,,,,,,,,,,,,,,,,,,,,,,,,,,,,,,,,,,,,,,,,,,,,,,,,,,,,,,,,,,,,,,,168.47363518002678,169.47366519999923,169.47366519999923,None,5.889322916666666,1.287728600029368,169.47366519999923,None,,,,,,,,,,,,,,,,,,,,,,,,,,,,,,,,,,,,,,,,,,,,,,,,,,,,,,,,,,,,,,,,,,,,,,,,,,,,,,,,,,,,,,,Sebastian,2021_Jan_09_1053,piloto,2020.2.5,60.28207185699857,
1000,0.0,imagenes/Pescadito.png,0.7172825011486081,None,0,2,2,3,0,28,28,29,,,,,,,,,,,,,,,,,,,,,,,,,,,,,,,,,,,,,,,,,,,,,,,,,,,,,,,,,,,,,,,,,169.78961836003,170.790045700036,170.790045700036,None,5.889322916666666,1.0716242999769747,170.790045700036,None,,,,,,,,,,,,,,,,,,,,,,,,,,,,,,,,,,,,,,,,,,,,,,,,,,,,,,,,,,,,,,,,,,,,,,,,,,,,,,,,,,,,,,,Sebastian,2021_Jan_09_1053,piloto,2020.2.5,60.28207185699857,
1000,0.0,imagenes/Kiwi.jpg,0.3929145850942286,None,0,2,2,3,0,29,29,8,,,,,,,,,,,,,,,,,,,,,,,,,,,,,,,,,,,,,,,,,,,,,,,,,,,,,,,,,,,,,,,,,170.89019216001034,171.88978949998273,171.88978949998273,None,None,None,171.88978949998273,None,,,,,,,,,,,,,,,,,,,,,,,,,,,,,,,,,,,,,,,,,,,,,,,,,,,,,,,,,,,,,,,,,,,,,,,,,,,,,,,,,,,,,,,Sebastian,2021_Jan_09_1053,piloto,2020.2.5,60.28207185699857,
1000,0.0,imagenes/Uvas.jpg,0.4959291644143431,None,0,2,2,3,0,30,30,19,,,,,,,,,,,,,,,,,,,,,,,,,,,,,,,,,,,,,,,,,,,,,,,,,,,,,,,,,,,,,,,,,172.92362448001515,None,173.9083553000237,172.91720490000444,5.889322916666666,1.4644617000012659,173.9083553000237,172.91720490000444,,,,,,,,,,,,,,,,,,,,,,,,,,,,,,,,,,,,,,,,,,,,,,,,,,,,,,,,,,,,,,,,,,,,,,,,,,,,,,,,,,,,,,,Sebastian,2021_Jan_09_1053,piloto,2020.2.5,60.28207185699857,
1000,0.0,imagenes/pistachos.jpg,0.7450869742741464,None,0,2,2,3,0,31,31,30,,,,,,,,,,,,,,,,,,,,,,,,,,,,,,,,,,,,,,,,,,,,,,,,,,,,,,,,,,,,,,,,,174.4063396600308,175.40628940000897,175.40628940000897,None,None,None,175.40628940000897,None,,,,,,,,,,,,,,,,,,,,,,,,,,,,,,,,,,,,,,,,,,,,,,,,,,,,,,,,,,,,,,,,,,,,,,,,,,,,,,,,,,,,,,,Sebastian,2021_Jan_09_1053,piloto,2020.2.5,60.28207185699857,
1000,0.0,imagenes/Rollo de queso.png,0.9201641182756888,None,0,2,2,3,0,32,32,33,,,,,,,,,,,,,,,,,,,,,,,,,,,,,,,,,,,,,,,,,,,,,,,,,,,,,,,,,,,,,,,,,176.4565654400154,177.45628799998667,177.45628799998667,176.46477970003616,5.889322916666666,1.2528687000158243,177.45628799998667,176.46477970003616,,,,,,,,,,,,,,,,,,,,,,,,,,,,,,,,,,,,,,,,,,,,,,,,,,,,,,,,,,,,,,,,,,,,,,,,,,,,,,,,,,,,,,,Sebastian,2021_Jan_09_1053,piloto,2020.2.5,60.28207185699857,
1000,0.0,imagenes/Muffin de banano.png,0.9610615059009696,None,0,2,2,3,0,33,33,25,,,,,,,,,,,,,,,,,,,,,,,,,,,,,,,,,,,,,,,,,,,,,,,,,,,,,,,,,,,,,,,,,177.77328248000705,178.77319600002375,178.77319600002375,None,5.889322916666666,1.3056931999744847,178.77319600002375,None,,,,,,,,,,,,,,,,,,,,,,,,,,,,,,,,,,,,,,,,,,,,,,,,,,,,,,,,,,,,,,,,,,,,,,,,,,,,,,,,,,,,,,,Sebastian,2021_Jan_09_1053,piloto,2020.2.5,60.28207185699857,
1000,0.0,imagenes/Galletas Tosh.jpg,0.9129693753280027,None,0,2,2,3,0,34,34,6,,,,,,,,,,,,,,,,,,,,,,,,,,,,,,,,,,,,,,,,,,,,,,,,,,,,,,,,,,,,,,,,,179.12282632001444,180.122732000018,180.122732000018,None,5.889322916666666,1.2378813999821432,180.122732000018,None,,,,,,,,,,,,,,,,,,,,,,,,,,,,,,,,,,,,,,,,,,,,,,,,,,,,,,,,,,,,,,,,,,,,,,,,,,,,,,,,,,,,,,,Sebastian,2021_Jan_09_1053,piloto,2020.2.5,60.28207185699857,
1000,0.0,imagenes/Brocoli.jpg,0.24293074945529525,None,0,2,2,3,0,35,35,21,,,,,,,,,,,,,,,,,,,,,,,,,,,,,,,,,,,,,,,,,,,,,,,,,,,,,,,,,,,,,,,,,180.3897451599827,181.38941539998632,181.38941539998632,None,5.889322916666666,1.3591528999968432,181.38941539998632,None,,,,,,,,,,,,,,,,,,,,,,,,,,,,,,,,,,,,,,,,,,,,,,,,,,,,,,,,,,,,,,,,,,,,,,,,,,,,,,,,,,,,,,,Sebastian,2021_Jan_09_1053,piloto,2020.2.5,60.28207185699857,
1000,0.0,,,,0,2,2,3,,,,,,,,,,,,,,,,,,,,,,,,,,,,,,,,,,,,,,,,,,,,,,,,,,,,,,,,,,,,,,,,,,,,,,,,,,,,,,,,,,,,,,,,,,,,,,,,,,,,,,,,,,,,,,,,,,,,,,,,,,,,,,,,,,,,,,,,,,,,,,,,,,,,,,,,,,,,,,,,,,,Sebastian,2021_Jan_09_1053,piloto,2020.2.5,60.28207185699857,
1000,0.02,imagenes/Galletas-festival.jpg,0.11306074364032936,None,0,3,3,2,0,0,0,7,,,,,,,,,,,,,,,,,,,,,,,,,,,,,,,,,,,,,,,,,,,,,,,,,,,,,,,,,,,,,,,,,181.82269254003185,None,182.80852680001408,None,5.889322916666666,1.2682794999564067,182.80852680001408,None,,,,,,,,,,,,,,,,,,,,,,,,,,,,,,,,,,,,,,,,,,,,,,,,,,,,,,,,,,,,,,,,,,,,,,,,,,,,,,,,,,,,,,,Sebastian,2021_Jan_09_1053,piloto,2020.2.5,60.28207185699857,
1000,0.02,imagenes/Pizzetas.png,0.3295951589873042,None,0,3,3,2,0,1,1,32,,,,,,,,,,,,,,,,,,,,,,,,,,,,,,,,,,,,,,,,,,,,,,,,,,,,,,,,,,,,,,,,,183.12269452000038,None,184.10791740001878,None,5.889322916666666,1.1961592000443488,184.10791740001878,None,,,,,,,,,,,,,,,,,,,,,,,,,,,,,,,,,,,,,,,,,,,,,,,,,,,,,,,,,,,,,,,,,,,,,,,,,,,,,,,,,,,,,,,Sebastian,2021_Jan_09_1053,piloto,2020.2.5,60.28207185699857,
1000,0.02,imagenes/Pandebono.png,0.8988574378129985,None,0,3,3,2,0,2,2,26,,,,,,,,,,,,,,,,,,,,,,,,,,,,,,,,,,,,,,,,,,,,,,,,,,,,,,,,,,,,,,,,,184.35626132001636,185.35589120001532,185.33935050002765,None,5.889322916666666,1.4457302000373602,185.33935050002765,None,,,,,,,,,,,,,,,,,,,,,,,,,,,,,,,,,,,,,,,,,,,,,,,,,,,,,,,,,,,,,,,,,,,,,,,,,,,,,,,,,,,,,,,Sebastian,2021_Jan_09_1053,piloto,2020.2.5,60.28207185699857,
1000,0.02,imagenes/Chontaduro.png,0.8693553300418813,None,0,3,3,2,0,3,3,23,,,,,,,,,,,,,,,,,,,,,,,,,,,,,,,,,,,,,,,,,,,,,,,,,,,,,,,,,,,,,,,,,185.8223635600065,None,186.82250810001278,None,5.889322916666666,1.2699480000301264,186.82250810001278,None,,,,,,,,,,,,,,,,,,,,,,,,,,,,,,,,,,,,,,,,,,,,,,,,,,,,,,,,,,,,,,,,,,,,,,,,,,,,,,,,,,,,,,,Sebastian,2021_Jan_09_1053,piloto,2020.2.5,60.28207185699857,
1000,0.02,imagenes/Papas-naturales.jpg,0.37590629905521566,None,0,3,3,2,0,4,4,13,,,,,,,,,,,,,,,,,,,,,,,,,,,,,,,,,,,,,,,,,,,,,,,,,,,,,,,,,,,,,,,,,187.12235475998605,188.1223756999825,188.1223756999825,None,5.889322916666666,1.2055000999826007,188.1223756999825,None,,,,,,,,,,,,,,,,,,,,,,,,,,,,,,,,,,,,,,,,,,,,,,,,,,,,,,,,,,,,,,,,,,,,,,,,,,,,,,,,,,,,,,,Sebastian,2021_Jan_09_1053,piloto,2020.2.5,60.28207185699857,
1000,0.02,imagenes/Brocoli.jpg,0.24293074945529525,None,0,3,3,2,0,5,5,21,,,,,,,,,,,,,,,,,,,,,,,,,,,,,,,,,,,,,,,,,,,,,,,,,,,,,,,,,,,,,,,,,188.35560966001358,189.3556874000351,189.3556874000351,None,5.889322916666666,1.3276065000100061,189.3556874000351,None,,,,,,,,,,,,,,,,,,,,,,,,,,,,,,,,,,,,,,,,,,,,,,,,,,,,,,,,,,,,,,,,,,,,,,,,,,,,,,,,,,,,,,,Sebastian,2021_Jan_09_1053,piloto,2020.2.5,60.28207185699857,
1000,0.02,imagenes/Leche-de-almendras.jpg,0.3886559457994673,None,0,3,3,2,0,6,6,9,,,,,,,,,,,,,,,,,,,,,,,,,,,,,,,,,,,,,,,,,,,,,,,,,,,,,,,,,,,,,,,,,189.77251939999405,190.77274660003604,190.77274660003604,None,5.889322916666666,1.5385202000034042,190.77274660003604,None,,,,,,,,,,,,,,,,,,,,,,,,,,,,,,,,,,,,,,,,,,,,,,,,,,,,,,,,,,,,,,,,,,,,,,,,,,,,,,,,,,,,,,,Sebastian,2021_Jan_09_1053,piloto,2020.2.5,60.28207185699857,
1000,0.02,imagenes/Mango.jpeg,0.4341155418941499,None,0,3,3,2,0,7,7,10,,,,,,,,,,,,,,,,,,,,,,,,,,,,,,,,,,,,,,,,,,,,,,,,,,,,,,,,,,,,,,,,,191.35591732001632,None,192.33913929999107,None,5.895833333333334,1.4290077000041492,192.33913929999107,None,,,,,,,,,,,,,,,,,,,,,,,,,,,,,,,,,,,,,,,,,,,,,,,,,,,,,,,,,,,,,,,,,,,,,,,,,,,,,,,,,,,,,,,Sebastian,2021_Jan_09_1053,piloto,2020.2.5,60.28207185699857,
1000,0.02,imagenes/Papas picantes.jpg,0.524978898672612,None,0,3,3,2,0,8,8,27,,,,,,,,,,,,,,,,,,,,,,,,,,,,,,,,,,,,,,,,,,,,,,,,,,,,,,,,,,,,,,,,,192.8055569600314,None,193.78872910002246,None,5.895833333333334,1.4302905999938957,193.78872910002246,None,,,,,,,,,,,,,,,,,,,,,,,,,,,,,,,,,,,,,,,,,,,,,,,,,,,,,,,,,,,,,,,,,,,,,,,,,,,,,,,,,,,,,,,Sebastian,2021_Jan_09_1053,piloto,2020.2.5,60.28207185699857,
1000,0.02,imagenes/Papas-limon.jpg,0.5280798509093595,None,0,3,3,2,0,9,9,14,,,,,,,,,,,,,,,,,,,,,,,,,,,,,,,,,,,,,,,,,,,,,,,,,,,,,,,,,,,,,,,,,194.25548075998668,None,195.25546590000158,None,5.895833333333334,1.6909208999713883,195.25546590000158,None,,,,,,,,,,,,,,,,,,,,,,,,,,,,,,,,,,,,,,,,,,,,,,,,,,,,,,,,,,,,,,,,,,,,,,,,,,,,,,,,,,,,,,,Sebastian,2021_Jan_09_1053,piloto,2020.2.5,60.28207185699857,
1000,0.02,imagenes/Nutella (1).jpg,0.8826531883338111,None,0,3,3,2,0,10,10,12,,,,,,,,,,,,,,,,,,,,,,,,,,,,,,,,,,,,,,,,,,,,,,,,,,,,,,,,,,,,,,,,,195.9718765599886,196.97212779999245,196.97212779999245,None,5.895833333333334,1.7883987000095658,196.97212779999245,None,,,,,,,,,,,,,,,,,,,,,,,,,,,,,,,,,,,,,,,,,,,,,,,,,,,,,,,,,,,,,,,,,,,,,,,,,,,,,,,,,,,,,,,Sebastian,2021_Jan_09_1053,piloto,2020.2.5,60.28207185699857,
1000,0.02,imagenes/Yogurt-alpina.jpg,0.5445152936222175,None,0,3,3,2,0,11,11,18,,,,,,,,,,,,,,,,,,,,,,,,,,,,,,,,,,,,,,,,,,,,,,,,,,,,,,,,,,,,,,,,,197.80564782001312,None,198.7717839999823,None,5.895833333333334,1.9353678000043146,198.7717839999823,None,,,,,,,,,,,,,,,,,,,,,,,,,,,,,,,,,,,,,,,,,,,,,,,,,,,,,,,,,,,,,,,,,,,,,,,,,,,,,,,,,,,,,,,Sebastian,2021_Jan_09_1053,piloto,2020.2.5,60.28207185699857,
1000,0.02,imagenes/Pepinillos.png,0.0038966441241518046,None,0,3,3,2,0,12,12,28,,,,,,,,,,,,,,,,,,,,,,,,,,,,,,,,,,,,,,,,,,,,,,,,,,,,,,,,,,,,,,,,,199.77163072001423,200.77180899999803,200.77180899999803,None,5.895833333333334,1.625959899974987,200.77180899999803,None,,,,,,,,,,,,,,,,,,,,,,,,,,,,,,,,,,,,,,,,,,,,,,,,,,,,,,,,,,,,,,,,,,,,,,,,,,,,,,,,,,,,,,,Sebastian,2021_Jan_09_1053,piloto,2020.2.5,60.28207185699857,
1000,0.02,imagenes/Papas-pollo.jpg,0.08373485417902837,None,0,3,3,2,0,13,13,15,,,,,,,,,,,,,,,,,,,,,,,,,,,,,,,,,,,,,,,,,,,,,,,,,,,,,,,,,,,,,,,,,201.4214722600067,202.42218580003828,202.42218580003828,None,5.895833333333334,1.7051727999933064,202.42218580003828,None,,,,,,,,,,,,,,,,,,,,,,,,,,,,,,,,,,,,,,,,,,,,,,,,,,,,,,,,,,,,,,,,,,,,,,,,,,,,,,,,,,,,,,,Sebastian,2021_Jan_09_1053,piloto,2020.2.5,60.28207185699857,
1000,0.02,imagenes/Rollos de canela.png,0.2610974409574519,None,0,3,3,2,0,14,14,34,,,,,,,,,,,,,,,,,,,,,,,,,,,,,,,,,,,,,,,,,,,,,,,,,,,,,,,,,,,,,,,,,203.15475265999558,204.15507029998116,204.15507029998116,None,5.895833333333334,1.4411315000033937,204.15507029998116,None,,,,,,,,,,,,,,,,,,,,,,,,,,,,,,,,,,,,,,,,,,,,,,,,,,,,,,,,,,,,,,,,,,,,,,,,,,,,,,,,,,,,,,,Sebastian,2021_Jan_09_1053,piloto,2020.2.5,60.28207185699857,
1000,0.02,imagenes/Uvas.jpg,0.4959291644143431,None,0,3,3,2,0,15,15,19,,,,,,,,,,,,,,,,,,,,,,,,,,,,,,,,,,,,,,,,,,,,,,,,,,,,,,,,,,,,,,,,,204.63815711998615,None,205.62171630002558,None,5.895833333333334,1.4511164000141434,205.62171630002558,None,,,,,,,,,,,,,,,,,,,,,,,,,,,,,,,,,,,,,,,,,,,,,,,,,,,,,,,,,,,,,,,,,,,,,,,,,,,,,,,,,,,,,,,Sebastian,2021_Jan_09_1053,piloto,2020.2.5,60.28207185699857,
1000,0.02,imagenes/Croissant.jpg,0.5824748589948932,None,0,3,3,2,0,16,16,5,,,,,,,,,,,,,,,,,,,,,,,,,,,,,,,,,,,,,,,,,,,,,,,,,,,,,,,,,,,,,,,,,206.1380409800215,None,207.12156460003462,None,5.876302083333334,1.2684652999741957,207.12156460003462,None,,,,,,,,,,,,,,,,,,,,,,,,,,,,,,,,,,,,,,,,,,,,,,,,,,,,,,,,,,,,,,,,,,,,,,,,,,,,,,,,,,,,,,,Sebastian,2021_Jan_09_1053,piloto,2020.2.5,60.28207185699857,
1000,0.02,imagenes/Rosquitas (1).jpg,0.024090340010977873,None,0,3,3,2,0,17,17,17,,,,,,,,,,,,,,,,,,,,,,,,,,,,,,,,,,,,,,,,,,,,,,,,,,,,,,,,,,,,,,,,,207.45481218000643,208.4549568000366,208.43815320002614,None,5.876302083333334,1.4117877999669872,208.43815320002614,None,,,,,,,,,,,,,,,,,,,,,,,,,,,,,,,,,,,,,,,,,,,,,,,,,,,,,,,,,,,,,,,,,,,,,,,,,,,,,,,,,,,,,,,Sebastian,2021_Jan_09_1053,piloto,2020.2.5,60.28207185699857,
1000,0.02,imagenes/Galletas Tosh.jpg,0.9129693753280027,None,0,3,3,2,0,18,18,6,,,,,,,,,,,,,,,,,,,,,,,,,,,,,,,,,,,,,,,,,,,,,,,,,,,,,,,,,,,,,,,,,208.9215705800336,None,209.9046041999827,None,5.876302083333334,1.084197900025174,209.9046041999827,None,,,,,,,,,,,,,,,,,,,,,,,,,,,,,,,,,,,,,,,,,,,,,,,,,,,,,,,,,,,,,,,,,,,,,,,,,,,,,,,,,,,,,,,Sebastian,2021_Jan_09_1053,piloto,2020.2.5,60.28207185699857,
1000,0.02,imagenes/Banano.jpeg,0.2267656716538785,None,0,3,3,2,0,19,19,1,,,,,,,,,,,,,,,,,,,,,,,,,,,,,,,,,,,,,,,,,,,,,,,,,,,,,,,,,,,,,,,,,210.03796991998098,None,211.02144320000662,None,5.876302083333334,1.4689860999933444,211.02144320000662,None,,,,,,,,,,,,,,,,,,,,,,,,,,,,,,,,,,,,,,,,,,,,,,,,,,,,,,,,,,,,,,,,,,,,,,,,,,,,,,,,,,,,,,,Sebastian,2021_Jan_09_1053,piloto,2020.2.5,60.28207185699857,
1000,0.02,imagenes/Pescadito.png,0.7172825011486081,None,0,3,3,2,0,20,20,29,,,,,,,,,,,,,,,,,,,,,,,,,,,,,,,,,,,,,,,,,,,,,,,,,,,,,,,,,,,,,,,,,211.5377758200164,212.53800930001307,212.52150830003666,None,5.876302083333334,1.2309713000431657,212.52150830003666,None,,,,,,,,,,,,,,,,,,,,,,,,,,,,,,,,,,,,,,,,,,,,,,,,,,,,,,,,,,,,,,,,,,,,,,,,,,,,,,,,,,,,,,,Sebastian,2021_Jan_09_1053,piloto,2020.2.5,60.28207185699857,
1000,0.02,imagenes/Canelazo.png,0.6730479360767814,None,0,3,3,2,0,21,21,22,,,,,,,,,,,,,,,,,,,,,,,,,,,,,,,,,,,,,,,,,,,,,,,,,,,,,,,,,,,,,,,,,212.83836074001155,213.83787849999499,213.820864600013,None,5.876302083333334,1.677339599991683,213.820864600013,None,,,,,,,,,,,,,,,,,,,,,,,,,,,,,,,,,,,,,,,,,,,,,,,,,,,,,,,,,,,,,,,,,,,,,,,,,,,,,,,,,,,,,,,Sebastian,2021_Jan_09_1053,piloto,2020.2.5,60.28207185699857,
1000,0.02,imagenes/Rollo de queso.png,0.9201641182756888,None,0,3,3,2,0,22,22,33,,,,,,,,,,,,,,,,,,,,,,,,,,,,,,,,,,,,,,,,,,,,,,,,,,,,,,,,,,,,,,,,,214.55481702003163,215.5546006000368,215.5546006000368,None,5.876302083333334,1.5220886999741197,215.5546006000368,None,,,,,,,,,,,,,,,,,,,,,,,,,,,,,,,,,,,,,,,,,,,,,,,,,,,,,,,,,,,,,,,,,,,,,,,,,,,,,,,,,,,,,,,Sebastian,2021_Jan_09_1053,piloto,2020.2.5,60.28207185699857,
1000,0.02,imagenes/Muffin de banano.png,0.9610615059009696,None,0,3,3,2,0,23,23,25,,,,,,,,,,,,,,,,,,,,,,,,,,,,,,,,,,,,,,,,,,,,,,,,,,,,,,,,,,,,,,,,,216.15436184001155,None,217.13811679999344,None,5.876302083333334,1.0349828000180423,217.13811679999344,None,,,,,,,,,,,,,,,,,,,,,,,,,,,,,,,,,,,,,,,,,,,,,,,,,,,,,,,,,,,,,,,,,,,,,,,,,,,,,,,,,,,,,,,Sebastian,2021_Jan_09_1053,piloto,2020.2.5,60.28207185699857,
1000,0.02,imagenes/Popetas.jpg,0.9621625733302204,None,0,3,3,2,0,24,24,16,,,,,,,,,,,,,,,,,,,,,,,,,,,,,,,,,,,,,,,,,,,,,,,,,,,,,,,,,,,,,,,,,217.2376492799842,218.23785570001928,218.23785570001928,None,5.876302083333334,1.1727960999705829,218.23785570001928,None,,,,,,,,,,,,,,,,,,,,,,,,,,,,,,,,,,,,,,,,,,,,,,,,,,,,,,,,,,,,,,,,,,,,,,,,,,,,,,,,,,,,,,,Sebastian,2021_Jan_09_1053,piloto,2020.2.5,60.28207185699857,
1000,0.02,imagenes/pistachos.jpg,0.7450869742741464,None,0,3,3,2,0,25,25,30,,,,,,,,,,,,,,,,,,,,,,,,,,,,,,,,,,,,,,,,,,,,,,,,,,,,,,,,,,,,,,,,,218.43752166003688,None,219.4210057000164,None,None,None,219.4210057000164,None,,,,,,,,,,,,,,,,,,,,,,,,,,,,,,,,,,,,,,,,,,,,,,,,,,,,,,,,,,,,,,,,,,,,,,,,,,,,,,,,,,,,,,,Sebastian,2021_Jan_09_1053,piloto,2020.2.5,60.28207185699857,
1000,0.02,imagenes/Kiwi.jpg,0.3929145850942286,None,0,3,3,2,0,26,26,8,,,,,,,,,,,,,,,,,,,,,,,,,,,,,,,,,,,,,,,,,,,,,,,,,,,,,,,,,,,,,,,,,220.43800491997973,221.43741040001623,221.43741040001623,220.4387749999878,5.876302083333334,1.7414621000061743,221.43741040001623,220.4387749999878,,,,,,,,,,,,,,,,,,,,,,,,,,,,,,,,,,,,,,,,,,,,,,,,,,,,,,,,,,,,,,,,,,,,,,,,,,,,,,,,,,,,,,,Sebastian,2021_Jan_09_1053,piloto,2020.2.5,60.28207185699857,
1000,0.02,imagenes/Pizza.png,0.21192443516553439,None,0,3,3,2,0,27,27,31,,,,,,,,,,,,,,,,,,,,,,,,,,,,,,,,,,,,,,,,,,,,,,,,,,,,,,,,,,,,,,,,,222.22075222003042,None,223.187656300026,None,5.869791666666666,1.4196706999791786,223.187656300026,None,,,,,,,,,,,,,,,,,,,,,,,,,,,,,,,,,,,,,,,,,,,,,,,,,,,,,,,,,,,,,,,,,,,,,,,,,,,,,,,,,,,,,,,Sebastian,2021_Jan_09_1053,piloto,2020.2.5,60.28207185699857,
1000,0.02,imagenes/Coliflor.jpg,0.3640740491088985,None,0,3,3,2,0,28,28,24,,,,,,,,,,,,,,,,,,,,,,,,,,,,,,,,,,,,,,,,,,,,,,,,,,,,,,,,,,,,,,,,,223.67105702003465,224.6711684000329,224.65440410003066,None,5.895833333333334,1.8693169000325724,224.65440410003066,None,,,,,,,,,,,,,,,,,,,,,,,,,,,,,,,,,,,,,,,,,,,,,,,,,,,,,,,,,,,,,,,,,,,,,,,,,,,,,,,,,,,,,,,Sebastian,2021_Jan_09_1053,piloto,2020.2.5,60.28207185699857,
1000,0.02,imagenes/Brownie.jpg,0.2838924074864093,None,0,3,3,2,0,29,29,3,,,,,,,,,,,,,,,,,,,,,,,,,,,,,,,,,,,,,,,,,,,,,,,,,,,,,,,,,,,,,,,,,225.58756797998214,226.58737790002488,226.57084529998247,None,5.895833333333334,1.3791606000158936,226.57084529998247,None,,,,,,,,,,,,,,,,,,,,,,,,,,,,,,,,,,,,,,,,,,,,,,,,,,,,,,,,,,,,,,,,,,,,,,,,,,,,,,,,,,,,,,,Sebastian,2021_Jan_09_1053,piloto,2020.2.5,60.28207185699857,
1000,0.02,imagenes/bon-bon-bun.jpg,0.7417452724056987,None,0,3,3,2,0,30,30,2,,,,,,,,,,,,,,,,,,,,,,,,,,,,,,,,,,,,,,,,,,,,,,,,,,,,,,,,,,,,,,,,,227.03760254001244,None,228.0040061000036,None,5.895833333333334,1.4357379999710247,228.0040061000036,None,,,,,,,,,,,,,,,,,,,,,,,,,,,,,,,,,,,,,,,,,,,,,,,,,,,,,,,,,,,,,,,,,,,,,,,,,,,,,,,,,,,,,,,Sebastian,2021_Jan_09_1053,piloto,2020.2.5,60.28207185699857,
1000,0.02,imagenes/Manzana.jpg,0.4048420327008191,None,0,3,3,2,0,31,31,11,,,,,,,,,,,,,,,,,,,,,,,,,,,,,,,,,,,,,,,,,,,,,,,,,,,,,,,,,,,,,,,,,228.57070426000283,None,229.5537597000366,None,5.895833333333334,1.3972576000378467,229.5537597000366,None,,,,,,,,,,,,,,,,,,,,,,,,,,,,,,,,,,,,,,,,,,,,,,,,,,,,,,,,,,,,,,,,,,,,,,,,,,,,,,,,,,,,,,,Sebastian,2021_Jan_09_1053,piloto,2020.2.5,60.28207185699857,
1000,0.02,imagenes/Almojabanas.png,0.6725051200713246,None,0,3,3,2,0,32,32,20,,,,,,,,,,,,,,,,,,,,,,,,,,,,,,,,,,,,,,,,,,,,,,,,,,,,,,,,,,,,,,,,,230.00400412002347,231.00381610001205,231.00381610001205,None,5.895833333333334,1.354032599949278,231.00381610001205,None,,,,,,,,,,,,,,,,,,,,,,,,,,,,,,,,,,,,,,,,,,,,,,,,,,,,,,,,,,,,,,,,,,,,,,,,,,,,,,,,,,,,,,,Sebastian,2021_Jan_09_1053,piloto,2020.2.5,60.28207185699857,
1000,0.02,imagenes/Alpinito.jpg,0.7416150880621702,None,0,3,3,2,0,33,33,0,,,,,,,,,,,,,,,,,,,,,,,,,,,,,,,,,,,,,,,,,,,,,,,,,,,,,,,,,,,,,,,,,231.4375410400331,232.43711110000731,232.4206806999864,None,5.895833333333334,1.3842930000391789,232.4206806999864,None,,,,,,,,,,,,,,,,,,,,,,,,,,,,,,,,,,,,,,,,,,,,,,,,,,,,,,,,,,,,,,,,,,,,,,,,,,,,,,,,,,,,,,,Sebastian,2021_Jan_09_1053,piloto,2020.2.5,60.28207185699857,
1000,0.02,imagenes/Chocoramo.jfif.jpg,0.7425528559884101,None,0,3,3,2,0,34,34,4,,,,,,,,,,,,,,,,,,,,,,,,,,,,,,,,,,,,,,,,,,,,,,,,,,,,,,,,,,,,,,,,,232.85345052003396,233.85412550001638,233.85412550001638,None,5.895833333333334,1.4730593000422232,233.85412550001638,None,,,,,,,,,,,,,,,,,,,,,,,,,,,,,,,,,,,,,,,,,,,,,,,,,,,,,,,,,,,,,,,,,,,,,,,,,,,,,,,,,,,,,,,Sebastian,2021_Jan_09_1053,piloto,2020.2.5,60.28207185699857,
1000,0.02,imagenes/salchicha hojaldrada.jpg,0.7119773165481526,None,0,3,3,2,0,35,35,35,,,,,,,,,,,,,,,,,,,,,,,,,,,,,,,,,,,,,,,,,,,,,,,,,,,,,,,,,,,,,,,,,234.3535907600075,None,235.33797069999855,None,5.895833333333334,1.3798200000310317,235.33797069999855,None,,,,,,,,,,,,,,,,,,,,,,,,,,,,,,,,,,,,,,,,,,,,,,,,,,,,,,,,,,,,,,,,,,,,,,,,,,,,,,,,,,,,,,,Sebastian,2021_Jan_09_1053,piloto,2020.2.5,60.28207185699857,
1000,0.02,,,,0,3,3,2,,,,,,,,,,,,,,,,,,,,,,,,,,,,,,,,,,,,,,,,,,,,,,,,,,,,,,,,,,,,,,,,,,,,,,,,,,,,,,,,,,,,,,,,,,,,,,,,,,,,,,,,,,,,,,,,,,,,,,,,,,,,,,,,,,,,,,,,,,,,,,,,,,,,,,,,,,,,,,,,,,,Sebastian,2021_Jan_09_1053,piloto,2020.2.5,60.28207185699857,
,,,,,,,,,,,,,,,,,,,,,,,,,,,,,,,,,,,,,,,,,,,,,,,,,,,,,,,,,,,,,,,,,,,,,,,,,,,,,,,,,,,,,235.75392480002483,None,235.75392480002483,None,0.6315104166666666,-0.3684895833333333,1,0,0,boton_subasta1,0.013427460042294115,None,,,,,,,,,,,,,,,,,,,,,,,,,,,,,,,,,,,,,,,,,,,,,,,,,,,,,,,,,,,,,,,,,,,,,,,,,,,Sebastian,2021_Jan_09_1053,piloto,2020.2.5,60.28207185699857,
,,,,,,,,,,,,,,,,,,,,,,,,,,,,,,,,,,,,,,,,,,,,,,,,,,,,,,,,,,,,,,,,,,,,,,,,,,,,,,,,,,,,,,,,,,,,,,,,,238.57070440001553,None,238.57070440001553,None,0.6236979166666666,-0.3658854166666667,1,0,0,boton_subasta2,0.011384260025806725,None,,,,,,,,,,,,,,,,,,,,,,,,,,,,,,,,,,,,,,,,,,,,,,,,,,,,,,,,,,,,,,,Sebastian,2021_Jan_09_1053,piloto,2020.2.5,60.28207185699857,
,,,,,,,,,,,,,,,,,,,,,,,,,,,,,,,,,,,,,,,,,,,,,,,,,,,,,,,,,,,,,,,,,,,,,,,,,,,,,,,,,,,,,,,,,,,,,,,,,,,,,,,,,,,,,239.39994889998343,None,239.39994889998343,None,0.6236979166666666,-0.3658854166666667,1,0,0,boton_pago1,0.01205439999466762,None,,,,,,,,,,,,,,,,,,,,,,,,,,,,,,,,,,,,,,,,,,,,,,,,,,,Sebastian,2021_Jan_09_1053,piloto,2020.2.5,60.28207185699857,
,,,,,,,,,,,,,,,,,,,,,,,,,,,,,,,,,,,,,,,,,,,,,,,,,,,,,,,,,,,,,,,,,,,,,,,,,,,,,,,,,,,,,,,,,,,,,,,,,,,,,,,,,,,,,,,,,,,,,,,,,240.54030120000243,None,240.54030120000243,None,0.6236979166666666,-0.3658854166666667,1,0,0,boton_pago2,0.006404080078937113,None,,,,,,,,,,,,,,,,,,,,,,,,,,,,,,,,,,,,,,,Sebastian,2021_Jan_09_1053,piloto,2020.2.5,60.28207185699857,
,,,,,,,,,,,,,,,,,,,,,,,,,,,,,,,,,,,,,,,,,,,,,,,,,,,,,,,,,,,,,,,,,,,,,,,,,,,,,,,,,,,,,,,,,,,,,,,,,,,,,,,,,,,,,,,,,,,,,,,,,,,,,,,,,,,,,242.9677385999821,None,242.9677385999821,None,242.9677385999821,None,0.6236979166666666,-0.3658854166666667,1,0,0,boton_producto,0.01236337999580428,None,,,,,,,,,,,,,,,,,,,,,,,,,Sebastian,2021_Jan_09_1053,piloto,2020.2.5,60.28207185699857,
,,,,,,,,,,,,,,,,,,,,,,,,,,,,,,,,,,,,,,,,,,,,,,,,,,,,,,,,,,,,,,,,,,,,,,,,,,,,,,,,,,,,,,,,,,,,,,,,,,,,,,,,,,,,,,,,,,,,,,,,,,,,,,,,,,,,,,,,,,,,,,,,,,,243.9138624999905,None,243.9138624999905,None,0.6236979166666666,-0.3658854166666667,1,0,0,boton_pago3,0.01535803999286145,None,,,,,,,,,,,,,Sebastian,2021_Jan_09_1053,piloto,2020.2.5,60.28207185699857,
,,,,,,,,,,,,,,,,,,,,,,,,,,,,,,,,,,,,,,,,,,,,,,,,,,,,,,,,,,,,,,,,,,,,,,,,,,,,,,,,,,,,,,,,,,,,,,,,,,,,,,,,,,,,,,,,,,,,,,,,,,,,,,,,,,,,,,,,,,,,,,,,,,,,,,,,,,,,,,,247.90388400002848,None,247.90388400002848,None,0.6236979166666666,-0.3658854166666667,1,0,0,boton_intro_encuesta,0.011559459962882102,None,Sebastian,2021_Jan_09_1053,piloto,2020.2.5,60.28207185699857,
